net,length_um
_4159_,983.97
_4160_,971.8
_4161_,949.75
_4162_,856.26
_4157_,813.44
_4163_,764.6
clknet_0_clk,722.59
_4164_,684.01
_4168_,662.17
_4122_,656.03
_4169_,635.28
_4165_,633.3
_4166_,613.06
_4167_,584.94
_4147_,434.18
clknet_3_0__leaf_clk,391.84
clknet_3_5__leaf_clk,325.59
clknet_3_4__leaf_clk,310.08
clknet_3_7__leaf_clk,305.96
clknet_3_6__leaf_clk,294.82
clk,293.1
_4136_,260.94
clknet_3_1__leaf_clk,252.66
sh0\[7\],252.06
_0144_,245.48
clknet_3_2__leaf_clk,240.22
_4134_,237.14
_4129_,223
_4137_,198.045
_4128_,194.94
net2,191.9
_1274_,190.68
_0142_,185.88
_0143_,185.84
_2875_,184.82
_4127_,178.52
_4135_,175.48
_1223_,172.06
_0723_,170.54
_1242_,170.46
_2038_,169.595
_1668_,165.88
_2923_,164.57
_4123_,162.675
clknet_3_3__leaf_clk,157.02
_0140_,156.54
_2473_,155.64
_3724_,155.2
_4125_,154.9
_4124_,152.24
_2069_,151.76
sh15\[1\],146.78
_2521_,145.84
_4131_,145.62
_2106_,144.74
_3244_,143.96
net1,142.46
_1636_,141.815
sh14\[2\],141.34
_1638_,139.44
sh5\[1\],137.44
sh13\[1\],136.28
net30,135.66
s5\[6\],135.16
_1227_,134.975
sh15\[4\],134.65
_1662_,134.37
_0826_,133.8
_2922_,133.69
_1384_,131.04
_0136_,130.52
_2886_,129.81
_4133_,129.24
_1639_,128.585
sh15\[2\],128.5
_2102_,127.38
_2506_,127
_3289_,126.91
sh14\[1\],126.81
_1299_,125.47
sh14\[6\],124.78
sh13\[4\],124.25
_1674_,123.36
s5\[5\],123.26
sh15\[7\],122.67
_4138_,122.28
sh0\[5\],121.08
_0892_,120.74
_4132_,120.46
_2906_,119.04
_3752_,118.88
_3702_,118.745
_2882_,117.91
_4140_,117.49
_0737_,116.97
_0139_,116.76
sh13\[3\],116.66
_2040_,116.12
_2518_,116.07
_0153_,115.98
_2893_,115.7
net31,115.28
_0103_,114.96
net3,114.82
net38,114.78
clknet_leaf_56_clk,114.74
_1637_,114.38
s0\[7\],114.3
_1677_,113.84
_2104_,113.75
sh14\[0\],113.74
sh5\[5\],113.62
_1257_,113.32
sh14\[7\],113.28
_1245_,112.37
_1641_,112.2
_2936_,111.88
_0152_,111.78
_3302_,110.82
_2889_,110.38
_3704_,110.23
net37,109.615
clknet_leaf_39_clk,108.8
sh6\[4\],108.22
s6\[6\],107.98
sh6\[2\],107.98
_1791_,107.92
_2883_,107.68
_4149_,107.24
_1237_,107.08
_4139_,106.82
clknet_leaf_31_clk,106.62
sh15\[6\],106.44
_2490_,106.3
sh11\[6\],105.8
_3377_,105.79
_0137_,105.66
net267,105.3
net7,105.1
_3787_,104.835
clknet_leaf_15_clk,104.78
_3536_,104.72
_0740_,104.63
_0736_,104.5
_4141_,104.215
_2061_,103.93
sh15\[3\],103.275
net39,103.165
_2493_,103.075
_4156_,102.52
sh13\[7\],102.2
s6\[7\],101.84
clknet_leaf_57_clk,101.52
_1331_,101.16
_1743_,101.06
_3311_,100.8
clknet_leaf_54_clk,100.62
sh1\[0\],100.56
_1722_,100.44
sh9\[0\],100.44
net29,100.38
sh4\[4\],100.24
clknet_leaf_16_clk,100.22
_4126_,100.055
s0\[8\],99.47
_2200_,99.44
sh12\[4\],98.92
_2894_,98.86
_0419_,98.78
_1243_,98.78
_1247_,98.32
_3750_,97.34
_2060_,97.315
net32,97.06
sh12\[0\],97.05
clknet_leaf_32_clk,96.87
_0746_,96.68
sh6\[1\],96.44
_3297_,96.42
clknet_leaf_53_clk,96.24
_2911_,96.1
sh9\[3\],95.94
s5\[7\],95.88
sh12\[2\],95.54
_2071_,95.06
_0762_,94.885
sh8\[1\],94.375
_2189_,94.24
_4148_,94.08
_2491_,93.98
_0797_,93.97
_1268_,93.82
_2477_,93.8
sh12\[5\],93.74
_3070_,93.7
sh8\[6\],93.64
_1231_,93.45
_0180_,92.88
clknet_leaf_40_clk,92.54
clknet_leaf_13_clk,92.48
_3708_,92.36
_1649_,92.22
_3295_,92.18
clknet_leaf_52_clk,91.9
_4146_,91.83
_2874_,91.375
_0726_,91.18
_0733_,90.84
_3971_,90.74
net35,90.52
sh7\[1\],90.45
_2926_,90.16
sh4\[0\],89.77
sh4\[3\],89.14
_3033_,89
_2878_,88.76
_1643_,88.7
_4153_,88.635
_3703_,88.5
_0730_,88.45
_1246_,88.22
sh12\[7\],88.17
sh8\[0\],88.1
_1690_,88.04
sh4\[1\],88.02
sh6\[6\],87.96
_0748_,87.94
s0\[5\],87.9
_0980_,87.7
sh2\[5\],87.59
sh6\[5\],87.42
_1234_,87.335
_3715_,87.075
s5\[8\],87
_0830_,86.78
_2091_,86.395
_2057_,86.02
_2890_,85.775
_3286_,85.6
_3740_,85.24
sh9\[4\],85.15
s6\[9\],85.14
sh4\[7\],85.12
_2672_,85.06
net33,84.995
_1844_,84.84
clknet_leaf_14_clk,84.64
_4142_,84.51
_3858_,84.375
_1235_,84.16
net42,84.12
_2484_,83.92
_1238_,83.7
net41,83.46
_0772_,83.42
_2489_,83.01
s6\[8\],82.98
_2482_,82.89
sh14\[4\],82.72
_3301_,82.52
sh9\[1\],82.52
_3307_,82.51
_3768_,82.4
_2296_,82.39
_4151_,82.335
_4130_,82.12
sh11\[0\],82.04
_4150_,81.86
_3294_,81.7
_1425_,81.54
net40,81.34
sh14\[3\],81.26
_3296_,81.22
_3326_,81.12
clknet_leaf_27_clk,81
sh0\[1\],80.92
clknet_leaf_29_clk,80.54
net34,80.195
_2246_,80.16
_2305_,80.05
_4144_,79.96
clknet_leaf_5_clk,79.66
clknet_leaf_37_clk,79.6
_1692_,79.44
s7\[8\],79.43
_1689_,79.36
sh5\[7\],79.14
clknet_leaf_33_clk,78.5
sh9\[2\],78.41
_2879_,78.38
s7\[7\],78.36
sh11\[3\],78.34
s1\[1\],78.24
_0109_,77.605
clknet_leaf_47_clk,76.9
clknet_leaf_63_clk,76.68
_2072_,76.66
clknet_leaf_23_clk,76.24
_0117_,75.98
_0747_,75.94
clknet_leaf_4_clk,75.74
_2524_,75.66
sh4\[2\],75.52
clknet_leaf_26_clk,75.52
_3306_,75.48
clknet_leaf_22_clk,75.26
clknet_leaf_24_clk,75.08
_3341_,74.62
sh0\[4\],74.48
_2902_,74.42
clknet_leaf_58_clk,74.36
sh15\[5\],74.32
_2055_,74.28
clknet_leaf_36_clk,74.12
_1348_,73.65
sh2\[0\],73.54
_4121_,73.24
s1\[2\],73.2
clknet_leaf_30_clk,73.2
sh5\[2\],73.15
_1422_,73.12
_0110_,73.06
clknet_leaf_55_clk,72.94
_3451_,72.865
_1277_,72.86
_3700_,72.86
_2052_,72.805
_4152_,72.22
clknet_leaf_28_clk,71.6
clknet_leaf_3_clk,71.29
_0992_,71.28
s0\[9\],71
_0925_,70.7
_3976_,70.69
net36,70.66
_0750_,70.52
_2664_,70.16
_1354_,69.98
_0111_,69.955
_4143_,69.38
net28,68.46
_1434_,68.42
clknet_leaf_18_clk,67.86
_3717_,67.82
_2711_,67.62
_3050_,67.48
_3712_,67.46
_3092_,67.03
sh10\[0\],67
sh7\[6\],66.9
sh12\[6\],66.6
sh3\[2\],66.42
clknet_leaf_51_clk,66.42
led[15],66.37
clknet_leaf_35_clk,66.2
s7\[11\],66.18
_0927_,66.175
_1667_,66.1
_0793_,66.08
_3701_,66.02
_0968_,65.88
clknet_leaf_43_clk,65.74
sh6\[0\],65.6
_0946_,65.28
_2871_,65.215
clknet_leaf_7_clk,65.18
net345,65.18
sh0\[2\],64.88
clknet_leaf_61_clk,64.22
s2\[7\],64.12
sh2\[7\],64.1
_2298_,64.07
sh10\[3\],63.84
_0155_,63.48
_2501_,63.3
sh14\[5\],63.26
_2163_,63.185
_2107_,63.18
_2342_,63.12
_3288_,63.12
_2986_,63.06
sh7\[4\],62.755
_3333_,62.68
sh3\[6\],62.62
_2487_,62.54
_3495_,62.36
_2090_,62.3
net204,61.885
_2868_,61.66
_0188_,61.64
_2772_,61.58
net177,61.48
clknet_leaf_6_clk,61.38
sh3\[5\],61.1
_4145_,61.08
_1239_,60.57
_4155_,60.33
_4158_,60.02
net359,59.92
_0904_,59.91
sh13\[2\],59.86
_1837_,59.54
_2910_,59.42
_3364_,59.35
_1652_,59.3
_2481_,59.26
_1336_,59
_2192_,58.875
final_sum\[0\],58.82
sh1\[1\],58.66
clknet_leaf_34_clk,58.6
_1717_,58.56
s7\[10\],58.48
_0897_,58.3
_1001_,58.16
_1296_,58.08
_2884_,58.04
_3797_,58.02
_1651_,57.92
sh0\[6\],57.88
_3732_,57.73
_2339_,57.57
_2610_,57.54
final_sum\[14\],57.52
_4154_,57.46
_2120_,57.42
net181,57.4
_2249_,57.36
_2329_,57.32
_2279_,57.28
_3780_,57.095
_2286_,57.06
_0855_,56.93
_3822_,56.82
_3961_,56.7
_2221_,56.66
_1623_,56.65
sh9\[6\],56.34
net420,56.3
sh2\[4\],56.24
s1\[4\],56.08
_0937_,55.99
clknet_leaf_20_clk,55.9
_2639_,55.755
_1395_,55.7
sh9\[5\],55.62
_0105_,55.5
_2311_,55.5
_0836_,55.4
_1664_,55.36
_1847_,55.36
sh10\[5\],55.14
_3660_,55.055
_2909_,54.98
_2285_,54.88
_3053_,54.62
_0787_,54.56
s7\[12\],54.5
_3503_,54.265
_2215_,54.12
clknet_leaf_38_clk,54.04
net375,53.96
clknet_leaf_49_clk,53.94
net220,53.9
_3192_,53.88
_2063_,53.76
clknet_leaf_25_clk,53.58
_3710_,53.5
s3\[3\],53.5
_0776_,53.44
sh8\[3\],53.32
_0949_,53.2
clknet_leaf_11_clk,53.16
_1339_,53.14
_2167_,52.94
_0151_,52.88
_1278_,52.84
_1125_,52.8
_1377_,52.7
_3248_,52.52
_1710_,52.32
_3749_,52.28
_2110_,52.13
s0\[6\],52.12
sh10\[2\],52.12
_1679_,52.08
s7\[9\],52
_1041_,51.96
net373,51.96
_0770_,51.88
_3354_,51.7
_3292_,51.54
final_sum\[1\],51.46
clknet_leaf_41_clk,51.36
_2533_,51.2
_2720_,51.12
final_sum\[15\],51.12
clknet_leaf_2_clk,51.12
s2\[2\],50.8
_1473_,50.72
net266,50.68
_3025_,50.66
sh8\[5\],50.58
_2581_,50.5
_1736_,50.435
_1009_,50.42
_3838_,50.42
_3360_,50.295
clknet_leaf_42_clk,50.28
_0822_,50.26
_3507_,50.14
_2983_,50.08
_3325_,50.06
_0891_,49.96
_0154_,49.9
_1357_,49.81
sh10\[7\],49.74
_2037_,49.66
_2077_,49.66
_1464_,49.5
_2594_,49.49
_0755_,49.48
_2688_,49.46
net428,49.44
_3709_,49.42
_3862_,49.42
sh9\[7\],49.38
_3986_,49.36
_1720_,49.33
_0954_,49.24
net174,49.24
_0734_,49.18
_3637_,49.08
net284,49.06
_2079_,48.98
_2162_,48.92
net184,48.9
_1226_,48.78
_1275_,48.64
_3305_,48.54
_0863_,48.5
net319,48.48
_0818_,48.4
final_sum\[13\],48.4
_4070_,48.38
_3559_,48.34
_3574_,48.32
sh12\[3\],48.32
net172,48.32
_2683_,48.2
s4\[4\],48.14
_3491_,47.93
_2345_,47.92
_0760_,47.895
_0766_,47.88
_3079_,47.88
sh11\[5\],47.84
_3433_,47.835
_2870_,47.83
_1398_,47.82
_2749_,47.77
net305,47.76
_2638_,47.68
_2479_,47.64
final_sum\[2\],47.62
s3\[4\],47.58
_3029_,47.56
_3979_,47.56
carry2\[10\],47.56
_2517_,47.455
_1909_,47.44
_2631_,47.42
_0802_,47.18
_3361_,47.1
_3769_,46.98
net367,46.98
_0950_,46.9
_2101_,46.88
clknet_leaf_62_clk,46.84
_3745_,46.74
_0187_,46.72
_1732_,46.66
_3903_,46.62
net257,46.58
_3570_,46.53
_1725_,46.36
_2791_,46.32
_1646_,46.22
_3193_,46.1
led[0],46.03
sh5\[3\],45.98
_1798_,45.935
_3636_,45.93
_1004_,45.885
net322,45.88
_0145_,45.84
_0849_,45.82
_3339_,45.8
_1813_,45.72
_3403_,45.68
_1700_,45.66
_0799_,45.54
_1925_,45.38
_3799_,45.38
_2269_,45.3
_0134_,44.94
_3082_,44.9
_3238_,44.88
_2671_,44.875
_2627_,44.77
_2315_,44.74
net440,44.7
_1892_,44.54
_3367_,44.54
_3847_,44.54
_1735_,44.48
_2121_,44.36
_3055_,44.3
s1\[3\],44.18
net265,43.96
_4073_,43.94
_0783_,43.8
sh3\[3\],43.76
_1374_,43.68
_2213_,43.68
sh15\[0\],43.64
_3524_,43.54
_1476_,43.44
clknet_leaf_0_clk,43.44
_3159_,43.38
_2260_,43.33
_2615_,43.3
_1896_,43.16
_1731_,43.08
_1026_,43.02
_3958_,42.99
_3000_,42.965
_2927_,42.92
_3550_,42.9
_2597_,42.88
s2\[3\],42.86
_2252_,42.805
_3298_,42.78
rst,42.78
_3915_,42.7
_3347_,42.68
_0146_,42.66
_0944_,42.66
_1948_,42.63
_2103_,42.62
_2292_,42.56
_3069_,42.52
_2607_,42.42
_0731_,42.4
_3383_,42.4
_3487_,42.4
_3792_,42.36
_2796_,42.34
_2470_,42.335
net447,42.28
_0765_,42.26
_3603_,42.22
_2747_,42.16
_2967_,42.14
net165,42.12
_2668_,42.1
net182,41.92
_0754_,41.88
_3766_,41.86
clknet_leaf_50_clk,41.78
_3564_,41.76
_4018_,41.72
_2245_,41.68
_2094_,41.5
sh13\[0\],41.46
_3439_,41.4
_1615_,41.32
_3945_,41.16
_2469_,41.06
led[1],41.05
_0742_,41.04
_2403_,41.04
_3530_,41.04
_2977_,41.035
led[10],40.93
_2321_,40.92
_0756_,40.88
_2123_,40.8
_2437_,40.72
led[11],40.71
led[13],40.71
led[3],40.71
led[5],40.71
led[7],40.71
led[9],40.71
s3\[5\],40.7
_1888_,40.68
_3623_,40.62
_4099_,40.61
_1693_,40.6
_2586_,40.6
led[12],40.59
led[8],40.59
_4055_,40.52
carry3\[10\],40.5
s6\[10\],40.5
_3338_,40.44
net176,40.4
_1656_,40.16
_1069_,40.14
_1501_,40.14
_2001_,40.14
_1661_,40.06
_1389_,40
_0179_,39.9
_1989_,39.84
_2593_,39.78
_3287_,39.78
_2000_,39.72
_1746_,39.715
clknet_leaf_64_clk,39.64
_2666_,39.62
_1922_,39.6
_3687_,39.54
_3887_,39.54
sh5\[4\],39.52
_2759_,39.48
_2641_,39.4
_1484_,39.375
_1729_,39.2
_0960_,39.12
_2492_,39.08
_2913_,39
sh10\[6\],39
_3852_,38.94
led[14],38.89
led[2],38.89
led[4],38.89
led[6],38.89
sh6\[3\],38.89
_0832_,38.88
_3090_,38.86
_2978_,38.83
_2242_,38.8
_2086_,38.78
_0967_,38.62
_1285_,38.6
s7\[13\],38.58
_3898_,38.52
_1075_,38.46
_3100_,38.46
_1411_,38.42
_2618_,38.365
_1079_,38.36
_2444_,38.36
_2636_,38.35
_1783_,38.34
_2542_,38.28
_1383_,38.24
_1292_,38.2
_2117_,38.18
_1605_,38.17
net80,38.16
_1805_,38.12
_2753_,38.12
_3329_,38.1
_3658_,38.08
_1418_,38.04
s2\[5\],38.02
_3999_,38
final_sum\[12\],37.98
_1442_,37.96
carry2\[9\],37.86
_1375_,37.8
_1776_,37.8
_1562_,37.78
_1723_,37.76
net9,37.72
_1714_,37.7
_3174_,37.68
_2528_,37.675
_0841_,37.64
s7\[14\],37.6
_0745_,37.57
_0846_,37.56
_1716_,37.56
_1779_,37.56
final_sum\[3\],37.52
_0834_,37.5
_3191_,37.48
sh0\[3\],37.48
_3762_,37.38
clknet_leaf_9_clk,37.38
_0951_,37.37
_2743_,37.345
_2974_,37.2
_2928_,37.12
_2152_,37.06
_3504_,37.06
_0739_,36.92
_1650_,36.9
_3666_,36.9
_3125_,36.885
_1573_,36.88
_3376_,36.88
_2224_,36.84
clknet_leaf_21_clk,36.84
_2703_,36.68
_3178_,36.68
_3620_,36.62
_3482_,36.56
net254,36.52
_3567_,36.48
_2539_,36.4
_2946_,36.38
s0\[4\],36.38
_3426_,36.24
s2\[4\],36.16
_2973_,36.14
_2376_,36.06
_2677_,35.98
_1893_,35.96
_3096_,35.9
_3638_,35.88
net450,35.88
_0162_,35.82
_1518_,35.82
_3973_,35.82
_2773_,35.805
sh7\[3\],35.78
_0870_,35.7
_1956_,35.66
_1444_,35.62
_2560_,35.62
_3161_,35.59
_2053_,35.58
_3846_,35.495
carry3\[9\],35.42
_2371_,35.4
_0092_,35.38
_3450_,35.355
_1545_,35.32
_1018_,35.28
_3878_,35.24
_1790_,35.18
_2513_,35.18
_3561_,35.12
_1448_,35.1
_1305_,35.06
_1808_,35.055
carry3\[12\],35.04
_1775_,35.02
_2025_,35
_2044_,35
_3337_,35
_3770_,35
_1971_,34.98
_2145_,34.98
_1315_,34.94
_2125_,34.94
_1917_,34.82
_2138_,34.82
_3566_,34.7
_3738_,34.68
_3335_,34.62
_3375_,34.59
_2726_,34.58
_1312_,34.54
_3032_,34.54
_1307_,34.52
_3531_,34.52
_3741_,34.52
_2043_,34.35
_1953_,34.34
_0061_,34.22
_3020_,34.17
_3919_,34.16
_1271_,34.14
_0011_,34.12
_2396_,34.08
_1624_,34.06
clknet_leaf_59_clk,34.06
_3930_,34.02
_1653_,34
sh13\[6\],33.94
_2802_,33.92
_3952_,33.9
_1862_,33.82
carry2\[11\],33.82
_2048_,33.78
_3534_,33.78
_1955_,33.74
_3138_,33.74
_1990_,33.72
_2076_,33.72
_1817_,33.64
_4032_,33.6
_0974_,33.58
_3407_,33.56
_0997_,33.54
_3529_,33.54
sh8\[7\],33.54
_1414_,33.52
_3617_,33.52
_2238_,33.48
_2872_,33.46
_2907_,33.46
_2443_,33.42
_3368_,33.36
_3828_,33.36
_0161_,33.3
_2734_,33.3
_3943_,33.28
_0959_,33.26
_3398_,33.24
net196,33.24
_2401_,33.22
_3293_,33.15
_2558_,33.12
_3372_,33.1
_1792_,33.06
_2332_,33.04
net453,33.02
_2227_,32.82
net237,32.82
_0773_,32.785
_2039_,32.76
_3313_,32.76
_1787_,32.71
_1452_,32.695
_2068_,32.64
_2987_,32.64
_1713_,32.57
_3094_,32.54
clknet_leaf_17_clk,32.48
_2728_,32.42
_3760_,32.42
_3946_,32.42
sh11\[7\],32.4
_1405_,32.38
_3735_,32.34
_1696_,32.32
_2203_,32.32
_0100_,32.26
_0889_,32.26
_3046_,32.26
final_sum\[11\],32.22
_3073_,32.16
_1806_,32.08
_2460_,32.08
s6\[13\],32.08
clknet_leaf_19_clk,32.08
_2953_,32.015
_0882_,32
_0957_,31.94
_2976_,31.94
_3511_,31.935
_3499_,31.92
net323,31.86
x[7],31.81
_3453_,31.8
_3250_,31.78
_1491_,31.76
_3148_,31.76
_1369_,31.7
_1864_,31.7
_3434_,31.7
carry5\[10\],31.68
_2789_,31.64
_1417_,31.62
_1946_,31.62
_3891_,31.62
_2073_,31.6
sh7\[2\],31.6
_4054_,31.56
_3747_,31.54
_0104_,31.52
clknet_leaf_45_clk,31.5
_2051_,31.46
_1170_,31.43
_1659_,31.42
_2211_,31.38
_0815_,31.36
_1355_,31.36
_1557_,31.32
_3224_,31.275
_3525_,31.26
net210,31.2
s3\[7\],31.18
_1599_,31.13
_1611_,31.12
_4059_,31.12
net212,31.1
net171,31.08
_3544_,31.05
_1671_,31.03
_3370_,31
_1567_,30.98
_1962_,30.98
_1048_,30.92
_4060_,30.92
_1396_,30.88
_3928_,30.88
_1694_,30.84
_4074_,30.84
_3163_,30.82
_2570_,30.76
_2694_,30.76
net397,30.76
_1030_,30.74
sh1\[3\],30.74
_2344_,30.72
_1833_,30.7
_3863_,30.7
s4\[5\],30.7
_0893_,30.635
net4,30.62
_1022_,30.59
_2263_,30.5
_3894_,30.5
_3445_,30.48
clknet_leaf_10_clk,30.48
net158,30.44
_0940_,30.38
_2706_,30.38
_3198_,30.38
_3840_,30.38
sum5\[14\],30.3
net342,30.3
_3378_,30.28
_3009_,30.2
_3119_,30.185
_1269_,30.18
sh4\[6\],30.16
_2648_,30.12
sh11\[2\],30.12
_2466_,30.1
_3771_,30.1
_1522_,30.06
_2154_,30
carry5\[13\],29.94
_3938_,29.9
_0102_,29.88
_1978_,29.88
_2310_,29.86
_1764_,29.84
_2642_,29.82
_3410_,29.81
_3135_,29.8
_1815_,29.74
_1999_,29.71
_1745_,29.7
_1571_,29.68
_0958_,29.66
_4087_,29.66
_3576_,29.62
_2571_,29.615
_3988_,29.6
_3611_,29.58
_3170_,29.515
sum2\[12\],29.46
_1797_,29.44
sh1\[5\],29.44
_1648_,29.42
_2381_,29.42
_1298_,29.4
_2613_,29.36
_3781_,29.32
net448,29.32
_3327_,29.31
_1655_,29.28
_1319_,29.26
_1373_,29.26
net225,29.24
_2765_,29.22
_3543_,29.22
_4013_,29.22
_2318_,29.2
_1139_,29.18
_3648_,29.18
_0884_,29.17
_1445_,29.16
_2256_,29.16
sh8\[4\],29.12
_1642_,29.1
_0090_,29.06
net227,29.06
_2174_,29.04
_1553_,29.02
_3765_,28.98
_4088_,28.96
_3608_,28.94
_2997_,28.92
_2670_,28.9
_3336_,28.9
_4085_,28.88
sh3\[1\],28.86
_1447_,28.82
_0135_,28.7
_2569_,28.64
_0133_,28.6
s6\[11\],28.6
_2768_,28.58
s2\[6\],28.58
_2604_,28.565
_0845_,28.56
_1601_,28.52
_0778_,28.5
_1035_,28.5
_1997_,28.48
_3472_,28.48
_0989_,28.46
_2041_,28.44
_1008_,28.42
_2771_,28.42
_2958_,28.42
_3384_,28.42
s4\[6\],28.42
_0735_,28.4
_3517_,28.4
_3626_,28.32
sh7\[0\],28.26
_3588_,28.25
_3872_,28.24
final_sum\[4\],28.24
_1826_,28.18
_2390_,28.16
_4098_,28.16
_1266_,28.1
_2436_,28.08
_1510_,28.04
bit_sum6\[6\],28.04
_3994_,28.03
_2783_,28
_3877_,27.98
sh2\[3\],27.98
_3120_,27.96
_1781_,27.94
_0814_,27.915
_1317_,27.88
_2724_,27.88
_2777_,27.875
_2155_,27.87
_1379_,27.86
_3442_,27.86
_2611_,27.85
_2947_,27.84
_0728_,27.82
_1584_,27.82
sh12\[1\],27.82
sum3\[9\],27.82
sum5\[8\],27.81
_4047_,27.795
_2358_,27.78
_3314_,27.76
_2012_,27.74
net241,27.74
_3396_,27.7
_3441_,27.7
_1947_,27.66
_2948_,27.64
_4045_,27.64
carry3\[11\],27.64
_1682_,27.62
_2896_,27.615
_3186_,27.56
sh11\[4\],27.52
_2179_,27.48
_3432_,27.445
_2419_,27.4
_3641_,27.4
_2267_,27.39
_4083_,27.38
_1077_,27.34
_1103_,27.3
_2020_,27.3
_0941_,27.29
_3678_,27.27
_3505_,27.26
_2333_,27.25
_1229_,27.24
_1789_,27.22
_1857_,27.22
_3547_,27.22
_3389_,27.2
_0939_,27.16
_1341_,27.16
_0844_,27.12
_2794_,27.12
_3052_,27.1
_1497_,27.08
_2790_,27.06
_1915_,27.05
_1288_,27.04
_1112_,27.02
_1911_,27
_2255_,27
_1958_,26.98
_1998_,26.98
s2\[8\],26.98
_3670_,26.96
_3683_,26.94
s3\[6\],26.9
net333,26.88
_2111_,26.86
_2673_,26.86
_2082_,26.84
_3672_,26.84
_1663_,26.825
_2809_,26.82
_3155_,26.74
_3593_,26.72
sum2\[10\],26.72
_2150_,26.7
carry2\[8\],26.7
_3088_,26.68
_3414_,26.68
_4022_,26.68
_1850_,26.6
_2697_,26.6
_1616_,26.58
sh1\[6\],26.56
_3253_,26.53
_1065_,26.52
_3618_,26.52
_2283_,26.48
_0725_,26.46
_2787_,26.46
_1015_,26.44
_2852_,26.42
_0953_,26.4
_1287_,26.38
_1174_,26.36
_1734_,26.36
_2374_,26.36
_3106_,26.36
_3312_,26.36
_1554_,26.3
_0821_,26.28
_3404_,26.28
net205,26.28
_1539_,26.24
_2349_,26.24
_3412_,26.22
_3860_,26.2
_1954_,26.16
_2137_,26.16
_3996_,26.16
net336,26.145
_3121_,26.14
carry4\[12\],26.14
_3036_,26.12
_3688_,26.12
_3924_,26.12
_0803_,26.1
_1988_,26.08
carry3\[8\],26.005
_0952_,25.98
_2757_,25.98
_3328_,25.98
s3\[8\],25.98
_1701_,25.96
_3591_,25.94
_2523_,25.92
_3214_,25.92
_2847_,25.9
_1407_,25.86
_1350_,25.84
_3512_,25.84
_3827_,25.84
_1017_,25.82
_1921_,25.82
_2544_,25.78
_1550_,25.76
_1669_,25.76
_2289_,25.76
_3723_,25.76
_1533_,25.755
_1916_,25.72
_3508_,25.68
_1230_,25.665
_1564_,25.66
sum5\[11\],25.66
_3332_,25.64
_2014_,25.625
_1966_,25.62
_2382_,25.6
_3966_,25.6
sum3\[13\],25.6
_2400_,25.56
_2587_,25.56
_3869_,25.55
_1114_,25.54
_2271_,25.54
_2337_,25.52
_4071_,25.52
_3713_,25.5
_2350_,25.485
_1838_,25.42
net159,25.405
_2118_,25.4
_0813_,25.38
_1486_,25.38
_1492_,25.35
_0982_,25.34
_1500_,25.34
_3423_,25.285
_0901_,25.28
s4\[7\],25.24
_0069_,25.22
_3518_,25.22
_3982_,25.22
sum2\[11\],25.22
_3112_,25.2
_3856_,25.2
sum5\[10\],25.2
_2515_,25.18
carry5\[12\],25.18
_3459_,25.16
_3812_,25.16
_0763_,25.15
sum2\[5\],25.1
_2578_,25.02
clknet_leaf_1_clk,25.02
_3194_,25
_1577_,24.98
_3145_,24.98
_3446_,24.98
_3218_,24.96
_1839_,24.92
net341,24.92
_1974_,24.9
_1385_,24.86
_1368_,24.84
_0966_,24.82
_3502_,24.82
_3743_,24.81
_2954_,24.8
_3058_,24.8
_3317_,24.785
_1104_,24.78
net396,24.76
_1750_,24.72
_4009_,24.7
_1475_,24.66
_2003_,24.66
_2313_,24.64
_3925_,24.64
sum1\[6\],24.64
_3382_,24.62
_4005_,24.62
_3774_,24.6
_3985_,24.6
_3105_,24.56
_1498_,24.54
_1784_,24.5
_0785_,24.49
_2605_,24.44
_1000_,24.42
_2525_,24.41
_1400_,24.38
_3431_,24.38
_2924_,24.36
_3778_,24.34
_3734_,24.305
carry3\[7\],24.3
_1388_,24.26
_2164_,24.26
_2438_,24.24
_0874_,24.22
_2788_,24.22
_3144_,24.22
_3199_,24.22
_2383_,24.205
_0929_,24.2
_1551_,24.17
_1463_,24.125
_3920_,24.12
_2272_,24.1
_3537_,24.08
_2195_,24.04
_2319_,24.02
_3411_,24
_3656_,24
_3808_,24
_1504_,23.98
_2394_,23.98
_2722_,23.96
bit_sum7\[8\],23.96
_3233_,23.94
_0976_,23.92
_2175_,23.92
_2168_,23.9
sh7\[7\],23.9
_3190_,23.88
net128,23.88
_1458_,23.86
net207,23.86
_1818_,23.82
_4043_,23.82
_3369_,23.8
carry2\[7\],23.78
_0900_,23.76
_1228_,23.76
final_sum\[5\],23.76
_1072_,23.74
_2379_,23.74
sum1\[10\],23.72
sh11\[1\],23.7
_4040_,23.69
_1704_,23.68
_2045_,23.68
_4092_,23.66
_1152_,23.64
_2109_,23.64
_3038_,23.64
_0887_,23.62
_1961_,23.62
_2786_,23.62
clknet_leaf_12_clk,23.62
sh0\[0\],23.54
_1683_,23.52
_2363_,23.52
_1314_,23.5
_2097_,23.5
_4033_,23.5
_2669_,23.48
_1441_,23.47
_2373_,23.46
_3041_,23.46
_2530_,23.44
_3057_,23.44
_2563_,23.4
carry1\[10\],23.4
_1851_,23.385
_2798_,23.38
_3419_,23.36
_3691_,23.36
_0919_,23.32
_1446_,23.3
_4062_,23.3
sh10\[4\],23.29
_3870_,23.28
_2365_,23.24
_3911_,23.24
_1980_,23.22
_2105_,23.22
_2721_,23.2
_2816_,23.2
_2151_,23.18
_2623_,23.18
sum3\[10\],23.16
_1002_,23.15
_3151_,23.145
sum3\[5\],23.14
_3210_,23.12
net263,23.12
_1051_,23.1
_2270_,23.1
_3004_,23.1
s1\[6\],23.1
_2644_,23.08
_2166_,23.06
_1180_,23.04
_3129_,23
_1556_,22.98
_2834_,22.97
_0984_,22.94
_2087_,22.92
_3228_,22.92
net217,22.92
_0876_,22.9
_3736_,22.9
_0034_,22.86
_0081_,22.84
_1654_,22.84
_3790_,22.84
_1852_,22.82
_3202_,22.82
_2592_,22.8
_4020_,22.8
_1614_,22.78
_0033_,22.74
_3522_,22.74
_1835_,22.725
_3019_,22.72
net364,22.72
net222,22.7
_1316_,22.68
_2519_,22.68
_2942_,22.68
_3072_,22.68
carry4\[10\],22.68
sh1\[7\],22.66
_3940_,22.64
_2709_,22.62
_2799_,22.62
_3581_,22.62
sum1\[5\],22.62
_2509_,22.6
_2795_,22.6
net268,22.58
_1428_,22.56
_3555_,22.56
net178,22.54
_2622_,22.535
_2411_,22.52
_2793_,22.505
_1439_,22.5
_1906_,22.495
_2080_,22.48
_2139_,22.48
_3153_,22.48
_1733_,22.46
_2554_,22.455
sh2\[1\],22.455
_3443_,22.44
_1318_,22.4
_1089_,22.38
_1322_,22.38
_1848_,22.38
_1965_,22.36
_3839_,22.36
_1083_,22.34
_1273_,22.34
_1870_,22.34
_1201_,22.315
_0032_,22.3
_1127_,22.3
_1589_,22.28
_1975_,22.28
_4067_,22.28
_3304_,22.26
_0910_,22.24
_1513_,22.22
_3939_,22.22
_0816_,22.21
_3649_,22.2
_4028_,22.2
_4079_,22.18
_2388_,22.14
_2407_,22.12
final_sum\[10\],22.12
_3180_,22.11
_4052_,22.08
_1438_,22.06
_2739_,22.06
_2368_,22.04
_4075_,22.04
_3116_,22.02
_3405_,22.02
_1221_,22
_2448_,22
_2842_,22
bit_sum2\[8\],22
_1184_,21.98
_2464_,21.94
_0172_,21.92
_2714_,21.92
_3003_,21.92
_3800_,21.92
_1105_,21.9
_1249_,21.88
_0423_,21.87
_1523_,21.87
_2527_,21.86
_4026_,21.84
_0727_,21.82
_0804_,21.82
_3954_,21.8
_4084_,21.8
_3477_,21.78
_2601_,21.77
_1019_,21.76
_1969_,21.76
_2049_,21.76
_0963_,21.72
_2667_,21.72
_2981_,21.71
_1576_,21.7
sum1\[8\],21.7
_0125_,21.68
_4017_,21.68
sum2\[3\],21.66
_1570_,21.64
_3316_,21.64
_3788_,21.62
_3871_,21.62
_2207_,21.6
_2654_,21.58
_2750_,21.54
_3168_,21.54
_3394_,21.54
_3657_,21.54
_2708_,21.53
_2774_,21.48
_3205_,21.48
_1987_,21.46
_2108_,21.46
_1937_,21.42
_2535_,21.4
_2277_,21.38
_1757_,21.36
_3733_,21.32
_3951_,21.3
bit_sum5\[9\],21.28
net328,21.28
_0885_,21.24
_3062_,21.235
_2353_,21.2
_3409_,21.2
_0856_,21.18
_1011_,21.16
_1541_,21.155
_2520_,21.13
_2409_,21.1
_3196_,21.08
_3130_,21.02
_1102_,21
_1630_,21
_3722_,21
_2826_,20.98
_1209_,20.96
net27,20.96
_0912_,20.92
_3236_,20.92
s3\[10\],20.92
sh6\[7\],20.92
_2736_,20.9
_2065_,20.88
net253,20.88
_1672_,20.84
_2180_,20.84
_2458_,20.84
_3045_,20.84
_3527_,20.82
_3108_,20.8
carry5\[11\],20.78
_2223_,20.76
_2929_,20.76
_0767_,20.74
_3139_,20.72
_2971_,20.7
_1451_,20.68
_3456_,20.68
_3835_,20.68
_2133_,20.66
_2801_,20.66
_1052_,20.64
_2404_,20.64
_2951_,20.64
_0093_,20.62
_1749_,20.62
_2784_,20.6
_2113_,20.59
_3849_,20.59
_1534_,20.58
_3602_,20.58
sum3\[11\],20.58
_3874_,20.56
_1730_,20.54
_3091_,20.54
_1836_,20.52
_1531_,20.5
_2083_,20.5
_3605_,20.5
_3675_,20.5
_2849_,20.46
_3831_,20.46
net434,20.46
_2229_,20.44
_2429_,20.44
_2811_,20.42
_3876_,20.42
_2132_,20.4
_0828_,20.38
_1548_,20.38
_2386_,20.38
_3540_,20.38
_4072_,20.38
_0890_,20.36
_2212_,20.36
_4011_,20.36
s5\[9\],20.36
_3142_,20.34
_1942_,20.335
_3855_,20.335
_0185_,20.32
sum3\[6\],20.32
_3220_,20.3
_1360_,20.28
_1684_,20.28
_0001_,20.26
_1302_,20.26
_1506_,20.26
_1868_,20.26
_3157_,20.26
_3331_,20.255
x[2],20.25
x[3],20.25
x[4],20.25
x[6],20.25
_2190_,20.245
_1936_,20.24
_2603_,20.22
_1232_,20.2
_1514_,20.2
_2626_,20.2
_1742_,20.18
_2274_,20.18
_2844_,20.16
_3016_,20.16
_1520_,20.14
carry1\[5\],20.14
_3427_,20.12
_2797_,20.1
_1070_,20.06
_1192_,20.06
_1453_,20.06
_2921_,20.06
_3631_,20.06
carry4\[8\],20.06
_1507_,20.04
_1110_,20.02
_1983_,20.02
_2135_,20.02
_4063_,20.02
_2312_,20
_3767_,20
_1409_,19.96
_2829_,19.96
_2950_,19.96
_2361_,19.94
_3936_,19.94
_2838_,19.92
_4035_,19.92
net379,19.92
_3859_,19.915
_0132_,19.88
_0808_,19.88
_2962_,19.88
_3021_,19.88
_3343_,19.88
_3498_,19.88
carry4\[13\],19.88
_1046_,19.86
_3030_,19.86
_3245_,19.86
bit_sum2\[7\],19.86
_0858_,19.84
_2880_,19.84
_0875_,19.82
_3136_,19.82
_3392_,19.82
sum1\[3\],19.82
_0047_,19.8
_2301_,19.8
_1119_,19.76
_3650_,19.72
_3782_,19.7
_3969_,19.7
_1929_,19.66
_3777_,19.66
sh2\[2\],19.655
_0827_,19.64
_3028_,19.635
_3085_,19.63
bit_sum6\[8\],19.6
_1005_,19.58
_2577_,19.58
net357,19.58
_1738_,19.56
s5\[10\],19.56
net155,19.56
_2905_,19.55
bit_sum6\[2\],19.54
_1727_,19.52
_3906_,19.52
_2016_,19.48
_1280_,19.46
x[0],19.45
_0843_,19.44
_3063_,19.44
sh1\[4\],19.44
_2389_,19.425
_2933_,19.42
net264,19.4
_3601_,19.39
_3510_,19.38
_3947_,19.38
carry2\[6\],19.36
_1468_,19.34
_2559_,19.34
x[1],19.33
x[5],19.33
_1471_,19.3
_1586_,19.3
_3551_,19.3
_2692_,19.28
_3577_,19.28
_3757_,19.28
_1525_,19.26
_2591_,19.26
_3635_,19.26
_1968_,19.24
_2182_,19.24
_2598_,19.24
_2822_,19.24
_3321_,19.24
sum1\[4\],19.24
_2831_,19.22
_1343_,19.2
_1588_,19.2
_3216_,19.18
_0877_,19.16
_1010_,19.16
_1376_,19.14
_3654_,19.14
_3661_,19.12
_3428_,19.1
bit_sum2\[9\],19.1
net73,19.1
_1311_,19.08
_2346_,19.06
_3469_,19.06
_2050_,19.05
_0886_,19.04
_1607_,19.04
net280,19.04
_1057_,19.015
_1080_,19
_1479_,19
_3206_,19
_1505_,18.99
sum4\[10\],18.98
_2074_,18.96
_2510_,18.96
_2555_,18.96
_2231_,18.94
_3397_,18.94
_3848_,18.92
_2188_,18.9
sum1\[9\],18.9
net427,18.9
_0790_,18.88
_2226_,18.88
_3123_,18.865
_0805_,18.86
_1568_,18.86
sum3\[7\],18.86
net173,18.86
_0128_,18.8
_2457_,18.78
_2892_,18.78
_2996_,18.78
_3239_,18.78
_0857_,18.76
_2856_,18.76
_3436_,18.76
_1934_,18.75
_0869_,18.74
_1547_,18.74
_3843_,18.74
_2194_,18.7
sh5\[0\],18.7
net98,18.68
_0969_,18.66
_2027_,18.66
_2322_,18.66
_2841_,18.66
_4066_,18.66
sh3\[4\],18.66
_1509_,18.64
_2008_,18.64
_2177_,18.6
_2761_,18.6
net243,18.6
_1527_,18.58
_0906_,18.56
_1064_,18.56
_1845_,18.56
_3169_,18.56
_3480_,18.54
_3719_,18.54
_3727_,18.54
_2536_,18.52
_3931_,18.52
_3241_,18.5
_4102_,18.48
_2007_,18.475
_1364_,18.46
_1780_,18.44
_1131_,18.42
_0721_,18.38
_1910_,18.36
_0806_,18.34
_1579_,18.34
_3271_,18.34
_2680_,18.32
_3616_,18.32
_3627_,18.32
_1058_,18.3
_0961_,18.28
_3222_,18.28
sh2\[6\],18.28
sum1\[7\],18.275
_2812_,18.26
_4046_,18.24
_1252_,18.22
_1984_,18.22
_2657_,18.22
_1190_,18.18
_3243_,18.18
bit_sum2\[1\],18.18
_2823_,18.16
_4068_,18.16
_1796_,18.135
_3137_,18.1
_3921_,18.1
sum2\[6\],18.1
_0007_,18.08
_1869_,18.08
_3059_,18.08
_3826_,18.08
_3211_,18.06
_0759_,18.04
_1340_,18.04
_2972_,18.04
_2982_,18.04
_3671_,18.04
_0928_,18
_0977_,18
_1225_,18
_3949_,17.995
_2201_,17.98
_0091_,17.96
_3463_,17.96
_1878_,17.94
_3256_,17.94
_3350_,17.92
_0052_,17.9
_3074_,17.9
carry4\[7\],17.9
_1050_,17.88
_1521_,17.88
_3221_,17.88
_1450_,17.86
_3864_,17.86
_4095_,17.86
_3420_,17.82
_3330_,17.78
_3908_,17.78
_0096_,17.76
_1561_,17.76
_2456_,17.74
_1113_,17.72
_2596_,17.72
_0055_,17.68
net412,17.68
s4\[8\],17.66
_2184_,17.64
_0903_,17.62
_1053_,17.62
_3261_,17.62
net310,17.62
net112,17.6
_1320_,17.58
_1478_,17.575
_1737_,17.57
_3229_,17.57
_3188_,17.56
net248,17.56
_1049_,17.54
_3219_,17.54
_3273_,17.54
_3309_,17.54
_3514_,17.54
_3519_,17.54
_1600_,17.52
_1829_,17.52
_2006_,17.52
_2299_,17.52
_3013_,17.52
_1293_,17.5
_3227_,17.5
s3\[9\],17.48
_1885_,17.46
bit_sum2\[2\],17.46
_1887_,17.44
_2208_,17.44
_2357_,17.44
_1924_,17.42
_3575_,17.42
_1591_,17.4
_1905_,17.38
_1795_,17.36
_0097_,17.34
_3612_,17.34
_1087_,17.32
_2119_,17.32
_2729_,17.3
_2813_,17.28
_4051_,17.28
_1210_,17.26
_2628_,17.26
_2810_,17.26
_2961_,17.26
_3711_,17.26
_0751_,17.24
_3844_,17.24
net147,17.22
_0775_,17.2
_3308_,17.2
_1043_,17.18
_3873_,17.18
_1756_,17.16
_3923_,17.16
_1675_,17.12
_1768_,17.12
_2478_,17.12
_4174_,17.12
net137,17.105
_2511_,17.1
_1516_,17.08
_3204_,17.08
carry1\[9\],17.08
_3027_,17.04
_3962_,17.04
_1466_,17
_3160_,17
_3158_,16.98
_3513_,16.98
net301,16.98
_3173_,16.96
_2779_,16.94
_3373_,16.94
_3232_,16.92
_1622_,16.9
_2414_,16.9
_3089_,16.885
_0921_,16.88
_2609_,16.88
_3380_,16.86
_2440_,16.84
_3875_,16.84
_3133_,16.83
_1823_,16.82
_3664_,16.82
_3968_,16.82
_2278_,16.8
_2830_,16.8
_4170_,16.8
_1429_,16.78
_3162_,16.78
_3266_,16.78
_1606_,16.76
_3729_,16.76
net149,16.76
_3539_,16.74
_3783_,16.74
_0150_,16.72
_0777_,16.72
_0795_,16.72
_2384_,16.72
_1430_,16.715
_0851_,16.7
net162,16.685
_2959_,16.68
_0899_,16.66
_1126_,16.62
_1259_,16.62
_3177_,16.62
_3310_,16.62
_3825_,16.62
_1199_,16.6
_2698_,16.6
_2938_,16.6
sum4\[12\],16.58
_3728_,16.56
_1558_,16.55
_1392_,16.54
_1578_,16.54
_3926_,16.52
_1580_,16.48
_3714_,16.48
_2326_,16.46
_3141_,16.44
_2485_,16.42
_2740_,16.42
_3542_,16.42
s2\[9\],16.42
_0985_,16.4
carry5\[9\],16.38
clknet_leaf_48_clk,16.38
_0911_,16.36
_0931_,16.36
_1721_,16.36
s1\[9\],16.36
net191,16.36
_2565_,16.34
_3471_,16.34
_1436_,16.32
carry1\[8\],16.29
_1056_,16.28
_2266_,16.28
_3802_,16.28
carry1\[2\],16.27
_0915_,16.24
_2919_,16.24
_3932_,16.24
_4023_,16.24
_4175_,16.24
_1124_,16.23
_2129_,16.22
net347,16.22
_3579_,16.215
_0664_,16.2
_2633_,16.2
_3167_,16.18
_3395_,16.18
_3937_,16.18
_2413_,16.16
_1413_,16.14
_3580_,16.13
_2253_,16.12
_3880_,16.12
_2656_,16.1
_3644_,16.1
s0\[2\],16.1
_3024_,16.08
carry3\[6\],16.06
carry5\[5\],16.06
net63,16.06
_1435_,16.02
_2417_,16.02
_2486_,16.02
net293,16.02
_2134_,16
_2416_,16
_3001_,15.98
_0873_,15.96
_1109_,15.96
_0991_,15.94
_1608_,15.94
_3594_,15.94
s4\[10\],15.94
_2713_,15.92
_2807_,15.9
_1240_,15.88
_2124_,15.88
_3386_,15.875
_2216_,15.86
_2532_,15.86
_3185_,15.86
_1090_,15.84
sh13\[5\],15.84
sh10\[1\],15.82
_2146_,15.81
_2307_,15.8
_1680_,15.78
_1970_,15.78
_2356_,15.78
_1535_,15.76
_3526_,15.76
_3474_,15.75
_1206_,15.74
_2917_,15.74
_3099_,15.74
_1949_,15.7
_2323_,15.7
_3400_,15.7
_3676_,15.7
_0661_,15.695
_2658_,15.68
carry5\[8\],15.68
_1363_,15.66
_1786_,15.64
sum3\[12\],15.64
_4103_,15.6
_1078_,15.58
_1310_,15.58
_3789_,15.58
_3044_,15.56
_2865_,15.54
_0840_,15.52
_2549_,15.52
bit_sum3\[4\],15.52
net410,15.52
_3262_,15.47
_0852_,15.46
bit_sum7\[2\],15.46
_1494_,15.44
_2776_,15.44
_2979_,15.42
_3953_,15.42
_0729_,15.4
_0774_,15.4
_1603_,15.4
_3156_,15.4
_0847_,15.38
_0986_,15.38
_3051_,15.38
_2128_,15.375
_2019_,15.36
_0060_,15.34
_3805_,15.34
bit_sum5\[4\],15.34
net424,15.34
_1485_,15.32
_2957_,15.32
net258,15.32
_1244_,15.28
_3393_,15.26
net156,15.245
_2169_,15.24
_2233_,15.23
_1559_,15.22
_3764_,15.22
_4002_,15.2
_3352_,15.14
_1985_,15.12
_1753_,15.1
_4042_,15.1
_1335_,15.08
_2590_,15.08
_3989_,15.08
_3071_,15.075
_2483_,15.06
_3231_,15.06
_1176_,15.04
_1480_,15.04
_1528_,15.04
_2030_,15.04
_3785_,15.02
_0978_,15
_4186_,15
net153,15
_2147_,14.98
bit_sum1\[6\],14.96
net68,14.94
net269,14.94
_1313_,14.93
_0908_,14.92
_3315_,14.92
bit_sum6\[0\],14.92
net384,14.92
_1524_,14.91
_1529_,14.9
_1986_,14.9
_2009_,14.9
_2144_,14.9
_0789_,14.88
_0820_,14.88
_1511_,14.88
_1443_,14.86
_1482_,14.86
_1488_,14.86
_1566_,14.86
_3485_,14.86
_2857_,14.85
_2302_,14.84
_0868_,14.82
_1431_,14.82
_1814_,14.82
_3067_,14.82
_0872_,14.8
_2836_,14.8
_1014_,14.78
_3584_,14.78
_3633_,14.78
_3751_,14.775
_0771_,14.76
_1159_,14.76
_3390_,14.76
_3466_,14.76
_3763_,14.76
sum2\[4\],14.76
_1549_,14.74
_2805_,14.74
_0637_,14.72
_1211_,14.72
_1349_,14.72
carry2\[4\],14.72
_2243_,14.68
_2585_,14.68
_3467_,14.68
_0173_,14.66
_2984_,14.66
_1410_,14.64
_4039_,14.64
net279,14.58
net339,14.58
_1345_,14.575
_1420_,14.56
_2172_,14.56
_3486_,14.53
_0810_,14.52
carry3\[4\],14.52
sum5\[7\],14.52
_3993_,14.48
_3207_,14.46
_3705_,14.44
_0118_,14.42
_1973_,14.42
_2612_,14.42
_2969_,14.42
_3881_,14.42
_4006_,14.42
_3134_,14.4
_3234_,14.4
_1626_,14.36
_2937_,14.36
_2964_,14.36
_3668_,14.36
_4041_,14.36
_2454_,14.345
_3242_,14.34
_3585_,14.34
_1061_,14.32
_0842_,14.3
_4086_,14.3
_3054_,14.28
_3546_,14.28
_3884_,14.28
_1816_,14.26
_1959_,14.26
carry4\[9\],14.26
_0879_,14.22
_0089_,14.2
_0015_,14.18
sh3\[7\],14.18
_0956_,14.16
_1499_,14.16
_3689_,14.16
net50,14.16
_1118_,14.15
_0129_,14.14
_0838_,14.14
_1718_,14.14
_2081_,14.14
sum5\[13\],14.14
_3845_,14.135
_0042_,14.12
_1617_,14.12
_2214_,14.12
_2522_,14.12
_1175_,14.1
_1902_,14.1
_2434_,14.1
_2445_,14.1
_3131_,14.1
net337,14.085
_0130_,14.08
_3175_,14.08
net76,14.08
_1286_,14.06
_2377_,14.06
_3417_,14.06
_2579_,14.04
_3974_,14.04
_3583_,14.03
_2156_,14.02
_3201_,14.02
_3916_,14.02
_3941_,14.02
_3039_,14
_3811_,14
bit_sum5\[1\],14
net143,14
net223,14
_0922_,13.98
_1039_,13.965
s1\[8\],13.96
_0049_,13.94
_1361_,13.94
_3520_,13.94
_1138_,13.92
_2564_,13.92
carry1\[3\],13.92
_0648_,13.9
_1324_,13.9
_2474_,13.9
_2678_,13.9
net145,13.885
_1454_,13.88
_1583_,13.88
_2766_,13.88
_3465_,13.88
sum4\[14\],13.86
_3008_,13.855
_2281_,13.85
_2239_,13.84
_2399_,13.84
_2820_,13.84
_3813_,13.84
_4050_,13.82
carry2\[5\],13.82
_0878_,13.8
_2575_,13.8
bit_sum3\[8\],13.8
carry1\[6\],13.8
_2290_,13.78
_1594_,13.76
_3464_,13.76
_1894_,13.74
net417,13.74
_1778_,13.73
_1994_,13.73
_2499_,13.72
_2758_,13.72
sum5\[12\],13.72
_1157_,13.7
_2282_,13.68
_3104_,13.68
carry3\[5\],13.68
_0083_,13.66
_0156_,13.66
_3634_,13.66
_1081_,13.64
_1879_,13.64
_2583_,13.64
_1380_,13.62
_2854_,13.62
_4203_,13.62
_1337_,13.605
_1092_,13.6
_3556_,13.6
_0650_,13.58
_1260_,13.58
_1926_,13.58
_3599_,13.58
net338,13.58
_0823_,13.56
_1044_,13.56
_1537_,13.56
_2430_,13.56
_2497_,13.56
_0019_,13.54
_1366_,13.54
_3269_,13.54
_1236_,13.52
_1935_,13.52
_2210_,13.52
_3259_,13.52
_3956_,13.52
_3606_,13.505
_2576_,13.5
_4188_,13.5
bit_sum5\[2\],13.5
net344,13.5
_3413_,13.49
_4187_,13.49
_1596_,13.48
_1981_,13.48
_2988_,13.48
net290,13.48
_1036_,13.44
_2800_,13.44
_2853_,13.44
_3114_,13.44
_2183_,13.42
net84,13.42
_3817_,13.4
_1754_,13.38
_3084_,13.38
_3209_,13.38
_4021_,13.38
carry1\[4\],13.38
_1867_,13.36
sum4\[6\],13.36
_3101_,13.355
_0649_,13.34
_1459_,13.34
_1898_,13.34
_4007_,13.34
sh8\[2\],13.34
_3775_,13.32
net87,13.32
_1939_,13.3
_3462_,13.3
_0883_,13.29
_2418_,13.28
_2914_,13.28
_1148_,13.26
_1943_,13.26
_0138_,13.24
_1068_,13.24
_3521_,13.24
_1901_,13.22
_2839_,13.22
_3980_,13.22
_1167_,13.2
_2432_,13.2
_2545_,13.2
_2955_,13.2
_2989_,13.2
_3435_,13.2
carry4\[6\],13.18
_1941_,13.17
_3557_,13.16
_2899_,13.14
_3117_,13.14
_3447_,13.14
_3578_,13.14
_3630_,13.14
_2529_,13.12
_2803_,13.12
net250,13.12
_0853_,13.1
_2441_,13.1
_3663_,13.1
_3900_,13.1
_0656_,13.08
_1063_,13.08
_2287_,13.08
_2632_,13.08
_3665_,13.08
_3791_,13.08
sh4\[5\],13.08
_1883_,13.06
_2808_,13.06
net192,13.045
_0067_,13.04
_2877_,13.04
_3076_,13.04
_3230_,13.04
net393,13.04
_0697_,13.02
_2546_,13.02
_1129_,13.015
_3303_,13
net261,13
_1884_,12.96
_2705_,12.96
_2754_,12.96
_3468_,12.96
net189,12.96
_2599_,12.94
_3124_,12.94
_3458_,12.94
_1859_,12.935
_0835_,12.92
_1344_,12.92
_2582_,12.92
_3965_,12.92
_1020_,12.9
_0665_,12.88
_1758_,12.88
_1866_,12.88
_2580_,12.88
_1178_,12.86
_3146_,12.86
_2324_,12.84
_3438_,12.84
net102,12.84
_1097_,12.82
_1144_,12.82
_3454_,12.82
_0657_,12.8
_1602_,12.8
_1262_,12.795
_3815_,12.78
_3955_,12.78
_0040_,12.76
_4069_,12.76
net93,12.76
_1025_,12.74
_2502_,12.74
_2362_,12.72
_3226_,12.72
_4076_,12.72
_4179_,12.72
bit_sum2\[0\],12.72
_2512_,12.7
_3122_,12.7
_3479_,12.7
_3695_,12.7
sum2\[7\],12.7
net262,12.7
_0676_,12.68
bit_sum1\[7\],12.66
_2197_,12.64
_2230_,12.64
_0115_,12.62
_3818_,12.62
_3883_,12.62
_3922_,12.62
_4172_,12.62
_1860_,12.6
_2131_,12.6
_3235_,12.6
_0633_,12.58
_1822_,12.58
_1171_,12.56
_1487_,12.56
_1993_,12.56
_2225_,12.54
net16,12.54
_1460_,12.52
_1972_,12.52
_2364_,12.52
net311,12.52
_1096_,12.5
_2187_,12.5
_3208_,12.5
_1327_,12.48
_2173_,12.48
_3754_,12.48
_4044_,12.48
_0098_,12.46
_3690_,12.46
bit_sum0\[1\],12.46
bit_sum1\[8\],12.46
_2276_,12.44
_2567_,12.44
_3803_,12.44
_1149_,12.42
_1503_,12.42
_1575_,12.42
_1644_,12.42
_3720_,12.42
_1387_,12.405
_2425_,12.4
_4016_,12.4
_3023_,12.38
_3681_,12.38
_4082_,12.38
_1117_,12.36
_1334_,12.36
_1995_,12.34
_2931_,12.34
_3011_,12.34
_3215_,12.34
_1218_,12.3
_3388_,12.3
net281,12.3
_2351_,12.28
_2968_,12.28
_1933_,12.26
_3960_,12.26
_0669_,12.24
_2915_,12.24
_3598_,12.24
_1465_,12.22
net59,12.22
_1330_,12.2
_1830_,12.2
_2832_,12.2
_3885_,12.2
_4091_,12.2
_0994_,12.18
_2689_,12.18
_0005_,12.16
_1067_,12.16
_1141_,12.16
_3365_,12.16
bit_sum3\[3\],12.16
net150,12.16
net407,12.16
_3181_,12.14
_3987_,12.14
_4010_,12.14
_0881_,12.12
net405,12.12
_1195_,12.1
_2468_,12.1
_2588_,12.1
_3494_,12.1
_3824_,12.1
s6\[12\],12.1
s1\[5\],12.09
net188,12.085
_0796_,12.08
_0930_,12.08
_1147_,12.08
_2031_,12.08
_2228_,12.08
_2309_,12.08
_2453_,12.08
_3866_,12.08
s1\[7\],12.08
_0636_,12.06
_3481_,12.06
_1108_,12.04
_1752_,12.04
_3963_,12.04
net10,12.04
_3061_,12.02
_1761_,12
_2551_,12
_3318_,12
_0955_,11.96
_2843_,11.96
_2679_,11.94
net169,11.94
_0923_,11.92
_1871_,11.92
_3978_,11.92
_4100_,11.92
net97,11.905
_1609_,11.9
_3276_,11.9
_0722_,11.88
_1726_,11.88
_2624_,11.88
_2369_,11.865
_1782_,11.86
carry4\[11\],11.86
net106,11.84
_0119_,11.82
_0175_,11.82
_1421_,11.82
_1456_,11.8
_2412_,11.8
_2956_,11.8
bit_sum5\[0\],11.8
sh3\[0\],11.8
_3031_,11.79
_1900_,11.78
_2699_,11.78
_3006_,11.78
_1060_,11.76
_2171_,11.76
_3264_,11.76
_2730_,11.75
net369,11.735
_0993_,11.73
_1073_,11.72
_1309_,11.72
_1502_,11.72
_1853_,11.72
_2446_,11.72
_3107_,11.72
_1267_,11.7
_1831_,11.7
_2876_,11.66
_2939_,11.66
_1633_,11.64
_2975_,11.64
_3037_,11.64
_3422_,11.64
_4108_,11.64
net70,11.625
_1440_,11.62
_2251_,11.62
_0658_,11.6
_0030_,11.58
_1610_,11.58
_2015_,11.58
_2304_,11.58
_2616_,11.58
_3260_,11.58
_3509_,11.58
_3624_,11.58
_1908_,11.56
_1744_,11.54
_2660_,11.54
_3270_,11.54
_3609_,11.54
_1827_,11.52
_1163_,11.5
_2026_,11.5
_2198_,11.5
net413,11.5
_0861_,11.47
_3265_,11.47
_0688_,11.46
_1899_,11.46
_3639_,11.46
_1640_,11.44
_2294_,11.44
net194,11.42
_0053_,11.4
_1123_,11.38
_2378_,11.38
_3692_,11.38
_3899_,11.38
bit_sum2\[4\],11.36
_2149_,11.34
_2415_,11.34
_2562_,11.34
_3374_,11.34
_4014_,11.34
_2732_,11.32
_3165_,11.32
_2140_,11.3
_2391_,11.3
_2861_,11.3
net309,11.3
_1712_,11.28
_1801_,11.28
_2250_,11.28
_4058_,11.28
bit_sum6\[4\],11.28
_0761_,11.275
_1182_,11.26
_3879_,11.26
carry5\[14\],11.26
_0068_,11.24
_1151_,11.24
_2405_,11.24
_2573_,11.24
_3040_,11.24
_3113_,11.24
_3645_,11.24
bit_sum5\[6\],11.24
net452,11.24
_3886_,11.22
_4178_,11.22
net99,11.205
_2780_,11.2
bit_sum3\[5\],11.2
_1214_,11.19
_2637_,11.16
_2737_,11.16
_1739_,11.15
_3629_,11.14
_3706_,11.13
_3889_,11.13
_0006_,11.12
_1200_,11.12
_1807_,11.12
_2431_,11.12
_2710_,11.12
_2840_,11.12
_2934_,11.12
s4\[9\],11.12
_1181_,11.1
sum3\[8\],11.1
_3476_,11.08
_3655_,11.06
carry4\[5\],11.055
_1930_,11.04
_2488_,11.04
_2767_,11.04
_2273_,11.03
net144,11.02
_1457_,11.01
_0819_,11
_1821_,11
_3247_,11
net83,11
_2731_,10.96
_3359_,10.96
_3793_,10.96
_4024_,10.96
carry4\[4\],10.96
_3646_,10.94
_0099_,10.92
_1960_,10.92
_2433_,10.92
_3048_,10.92
_1526_,10.9
_1876_,10.9
net321,10.9
net422,10.9
_2114_,10.88
_0916_,10.86
_1403_,10.86
_1432_,10.86
_2614_,10.86
_2785_,10.86
_3742_,10.86
bit_sum7\[0\],10.86
_2475_,10.85
_0837_,10.84
_1406_,10.84
_3528_,10.84
_1329_,10.82
_1437_,10.8
_2541_,10.8
_1627_,10.78
_1708_,10.78
bit_sum5\[3\],10.78
_3182_,10.76
_3291_,10.75
_2557_,10.74
_3406_,10.74
_1597_,10.72
_2347_,10.72
_0757_,10.7
_0888_,10.7
_1519_,10.7
_1724_,10.7
_1863_,10.7
_2130_,10.7
_3834_,10.7
net231,10.7
_1462_,10.66
sum4\[7\],10.64
_1543_,10.62
_1697_,10.62
_1976_,10.62
_2995_,10.62
_4004_,10.62
_0932_,10.6
_2191_,10.6
_0594_,10.59
net275,10.59
_2217_,10.58
_2325_,10.58
_2998_,10.58
bit_sum1\[5\],10.58
_1574_,10.56
_2334_,10.56
net325,10.56
_3628_,10.54
_0990_,10.52
_2472_,10.51
_1082_,10.5
_1455_,10.5
_2908_,10.5
_4191_,10.5
_2741_,10.48
_2930_,10.48
_3440_,10.48
net388,10.48
_2284_,10.46
_2328_,10.46
_2600_,10.46
_3725_,10.46
_0116_,10.44
_3909_,10.44
bit_sum1\[9\],10.44
net366,10.44
_0738_,10.42
_0981_,10.42
_1093_,10.42
sum3\[4\],10.42
_3399_,10.415
_0078_,10.4
_0082_,10.4
_1258_,10.4
_1670_,10.4
bit_sum7\[7\],10.4
net432,10.4
_1352_,10.38
_1604_,10.38
net346,10.38
_0644_,10.36
_2393_,10.36
_2650_,10.36
_1582_,10.34
_1678_,10.34
_2398_,10.34
_0689_,10.32
_1467_,10.32
_1686_,10.32
_1699_,10.32
_1889_,10.32
_2170_,10.32
_2574_,10.32
net418,10.32
_3796_,10.31
_3457_,10.3
_4206_,10.3
_1100_,10.28
_2066_,10.28
_3251_,10.28
net287,10.28
_0043_,10.24
_2505_,10.24
_4001_,10.24
_4003_,10.24
_1193_,10.22
_1856_,10.22
_2717_,10.22
_2855_,10.22
_1028_,10.2
_1828_,10.2
_1890_,10.2
_2821_,10.2
_3065_,10.2
net423,10.2
_3967_,10.18
net430,10.18
_0045_,10.16
_1158_,10.16
_1759_,10.16
_2568_,10.16
_3319_,10.16
_0157_,10.125
_1290_,10.12
net431,10.1
_1074_,10.095
_1016_,10.08
_1099_,10.08
net213,10.08
_0809_,10.06
_3437_,10.06
_4029_,10.06
_4081_,10.06
net335,10.06
_1165_,10.04
_1760_,10.04
_2674_,10.04
_3147_,10.04
_4101_,10.04
clknet_leaf_46_clk,10.04
_0178_,10.02
_1146_,10.02
net349,10.02
net398,10.02
_1161_,10.01
_3056_,10
_3748_,10
_1512_,9.995
_0064_,9.98
_0079_,9.98
_1706_,9.98
net109,9.98
net111,9.98
net190,9.98
_1107_,9.96
_1351_,9.96
_2442_,9.96
_2833_,9.96
_2932_,9.96
_1469_,9.94
_2046_,9.94
_4061_,9.94
net52,9.94
net53,9.94
net134,9.94
_3197_,9.92
carry2\[3\],9.92
net299,9.92
_0028_,9.9
_0662_,9.9
_1047_,9.9
_1461_,9.9
_2209_,9.9
_2385_,9.9
_1408_,9.88
net439,9.88
_1116_,9.86
_1325_,9.86
_1390_,9.86
_1872_,9.86
_3814_,9.86
_1094_,9.84
_2352_,9.84
_0009_,9.82
_1963_,9.82
_3171_,9.82
_3371_,9.82
_4171_,9.82
_4183_,9.82
_2828_,9.8
_0023_,9.78
_2630_,9.78
_2748_,9.78
_3607_,9.78
_3819_,9.78
carry1\[7\],9.78
_3553_,9.76
net361,9.76
_2089_,9.75
_2643_,9.74
net146,9.74
_1323_,9.72
_1359_,9.72
_2359_,9.72
_3460_,9.72
_0780_,9.7
_1187_,9.7
_2240_,9.7
_3424_,9.7
_3698_,9.7
_3217_,9.68
_3257_,9.66
_1788_,9.62
_2514_,9.62
_4111_,9.62
_0598_,9.6
_1923_,9.6
_2824_,9.6
net75,9.6
net78,9.6
_0769_,9.58
_1676_,9.58
_1755_,9.58
_3643_,9.58
_0026_,9.54
_0169_,9.54
_1802_,9.54
_1882_,9.52
_3356_,9.52
bit_sum0\[8\],9.52
sum4\[8\],9.52
_1261_,9.5
_1569_,9.5
_1875_,9.5
_0660_,9.48
_0999_,9.48
net274,9.48
sh5\[6\],9.46
_0002_,9.44
_1472_,9.44
net242,9.44
_0848_,9.42
_1197_,9.405
_3252_,9.4
_4210_,9.4
net160,9.4
_1560_,9.38
_2589_,9.38
_2851_,9.38
_2918_,9.38
_2935_,9.38
_3538_,9.38
_0938_,9.36
_1907_,9.36
_2280_,9.36
_2806_,9.36
_2837_,9.36
_4078_,9.36
net57,9.36
net378,9.36
net446,9.36
_2098_,9.34
_2992_,9.34
_2420_,9.32
_3589_,9.32
net25,9.32
net444,9.32
_1767_,9.3
_2232_,9.3
_3263_,9.3
net372,9.285
_3179_,9.28
_3523_,9.28
net302,9.28
_0948_,9.26
_3890_,9.24
_0426_,9.23
_1191_,9.23
_2056_,9.225
_1254_,9.22
_0905_,9.2
_2004_,9.2
_2387_,9.2
net135,9.2
net138,9.2
net124,9.18
_2244_,9.16
_1698_,9.155
_2885_,9.15
_0050_,9.14
_2552_,9.12
_2887_,9.12
_4027_,9.12
_0207_,9.11
_3563_,9.08
net390,9.08
_1660_,9.04
_1940_,9.04
_2494_,9.04
_2538_,9.04
_4185_,9.04
_0038_,9.02
_0039_,9.02
_1433_,9.02
_2259_,9.02
_2547_,9.02
_2755_,9.02
s5\[12\],9.02
net386,9.02
_0186_,9
_0824_,9
bit_sum1\[3\],9
_0645_,8.98
_0666_,8.98
_0839_,8.98
_3596_,8.98
_3680_,8.98
_4025_,8.98
bit_sum5\[5\],8.98
sum2\[9\],8.98
net392,8.98
_0681_,8.96
_1143_,8.96
_1477_,8.96
_2220_,8.96
_3914_,8.96
_1378_,8.94
_3077_,8.94
_3391_,8.94
_3255_,8.93
net371,8.92
_1886_,8.9
_2653_,8.9
_3385_,8.9
net360,8.9
net389,8.9
_0833_,8.86
_1006_,8.86
_1632_,8.86
_1793_,8.86
_2620_,8.86
_3548_,8.86
_3907_,8.86
_0918_,8.84
_2100_,8.84
_2860_,8.84
_4049_,8.84
_1938_,8.83
_3535_,8.82
_3653_,8.82
net400,8.82
_1493_,8.8
_2661_,8.8
_3172_,8.8
_3203_,8.8
carry1\[1\],8.8
_1012_,8.78
_1552_,8.78
_2467_,8.78
_2993_,8.78
_3478_,8.78
_3794_,8.78
_3832_,8.78
_2662_,8.74
_3600_,8.74
bit_sum4\[1\],8.74
_0000_,8.7
_0807_,8.7
_1703_,8.7
_2716_,8.7
_0076_,8.68
_0182_,8.68
net85,8.68
net236,8.68
net238,8.68
net445,8.68
_3865_,8.66
_1021_,8.62
_1130_,8.62
_2308_,8.62
_2397_,8.62
_3490_,8.62
_1952_,8.61
_1470_,8.6
_3854_,8.6
bit_sum0\[7\],8.6
net71,8.6
net101,8.6
_0534_,8.58
_0798_,8.56
_0971_,8.56
_2756_,8.56
_3351_,8.56
_3613_,8.56
_3895_,8.56
net406,8.56
_3614_,8.53
_3034_,8.52
_1819_,8.5
_3275_,8.5
_0792_,8.48
_1106_,8.48
_1213_,8.48
_1587_,8.48
_1751_,8.48
_1920_,8.48
_2778_,8.48
_3184_,8.48
_3225_,8.48
_3277_,8.48
_0983_,8.46
_2218_,8.46
_3473_,8.46
_3475_,8.46
_4195_,8.46
_1381_,8.44
_1415_,8.44
_1824_,8.44
_2236_,8.44
_2663_,8.44
_2745_,8.44
_3587_,8.44
net295,8.44
sh1\[2\],8.42
net317,8.42
_0008_,8.4
_1134_,8.4
_2306_,8.4
_3128_,8.38
_0108_,8.36
_0678_,8.36
_1140_,8.36
_1207_,8.36
_1865_,8.36
_2452_,8.36
_2561_,8.36
_2815_,8.36
_2047_,8.34
_2455_,8.34
net334,8.34
_0672_,8.32
_1356_,8.32
_2136_,8.32
_2295_,8.32
_2548_,8.32
sh7\[5\],8.32
net244,8.32
_2702_,8.3
_2543_,8.29
_1927_,8.28
_3597_,8.28
_3610_,8.28
_3902_,8.28
_1495_,8.26
_3857_,8.26
net130,8.26
net247,8.26
net436,8.26
_0860_,8.24
_2873_,8.24
_2903_,8.24
_3833_,8.24
net352,8.24
_2700_,8.22
net186,8.22
_3150_,8.215
_1208_,8.2
_1772_,8.2
_1362_,8.195
_0518_,8.19
_0149_,8.18
net5,8.18
_2707_,8.16
_3975_,8.16
net408,8.16
_0084_,8.14
_2029_,8.14
_3068_,8.14
bit_sum7\[1\],8.14
net187,8.14
net206,8.14
net219,8.14
net331,8.14
_0270_,8.12
_1289_,8.12
s4\[11\],8.12
net251,8.12
net273,8.12
_0024_,8.1
_0036_,8.1
_0654_,8.1
_0663_,8.1
_0709_,8.1
_0988_,8.1
_1810_,8.1
_2395_,8.1
_3726_,8.1
net226,8.1
_0013_,8.06
_1709_,8.06
_3366_,8.06
bit_sum1\[1\],8.06
final_sum\[6\],8.06
_2354_,8.04
net312,8.04
_1091_,8.02
_1581_,8.02
_2682_,8.02
_3149_,8.02
_3299_,8.02
net415,8.02
_0935_,8
_2496_,8
_2507_,8
_2651_,8
_0671_,7.98
_1034_,7.98
_1166_,7.98
_1215_,7.98
_1992_,7.98
_2241_,7.98
_2970_,7.98
_3758_,7.98
net197,7.98
net306,7.98
_2165_,7.96
_0965_,7.94
_1834_,7.94
net119,7.94
_4208_,7.92
_1031_,7.9
_1766_,7.9
_1964_,7.9
_2712_,7.9
_2963_,7.9
net199,7.9
_2991_,7.88
sum5\[9\],7.88
_3448_,7.875
_1777_,7.86
_2516_,7.86
net308,7.86
_3892_,7.84
net394,7.84
_0168_,7.82
_1873_,7.82
_3662_,7.82
_0080_,7.8
_0641_,7.8
_1162_,7.8
net411,7.8
_0159_,7.76
_0704_,7.76
net224,7.76
_0825_,7.755
_3444_,7.74
sum2\[8\],7.74
net79,7.72
net209,7.72
_0865_,7.7
_2990_,7.7
_3804_,7.7
net426,7.7
_0031_,7.68
_0113_,7.68
_0687_,7.68
_1391_,7.68
_2024_,7.68
_2096_,7.68
_2297_,7.68
_3282_,7.68
_3430_,7.68
_3837_,7.68
bit_sum6\[1\],7.68
carry5\[6\],7.68
sum4\[13\],7.68
net154,7.68
net179,7.68
net230,7.68
_2143_,7.66
_2985_,7.66
_3948_,7.66
_3562_,7.65
_0025_,7.64
_0027_,7.64
_0035_,7.64
_0044_,7.64
_0065_,7.64
_0177_,7.64
_0902_,7.64
_1088_,7.64
_1799_,7.64
_1843_,7.64
_2126_,7.64
_2718_,7.64
_2804_,7.64
_3677_,7.64
_4180_,7.64
sum4\[9\],7.64
net296,7.64
_1219_,7.62
_2291_,7.62
_1179_,7.6
_2965_,7.6
_3461_,7.6
_3573_,7.6
_3942_,7.6
_0674_,7.58
_1912_,7.58
_4030_,7.58
_2340_,7.56
_2952_,7.56
_3272_,7.56
_3357_,7.56
net66,7.56
net348,7.56
_1168_,7.54
_1194_,7.54
_2675_,7.52
_3379_,7.52
_3820_,7.52
_3868_,7.52
_1189_,7.46
_2553_,7.44
_2862_,7.44
net419,7.44
_2112_,7.42
_3493_,7.42
_1121_,7.4
_1820_,7.4
_3990_,7.4
net92,7.4
net122,7.4
_2078_,7.385
_3897_,7.38
net365,7.36
_1263_,7.35
_0164_,7.34
_3449_,7.34
net180,7.34
net329,7.34
_0535_,7.32
_1449_,7.32
_1593_,7.32
_2912_,7.32
_1951_,7.3
_3097_,7.3
net203,7.3
_1991_,7.28
_2916_,7.28
_3554_,7.28
_3964_,7.28
_1565_,7.24
_3918_,7.24
sum4\[2\],7.24
net433,7.24
_1397_,7.22
_1832_,7.22
_2372_,7.22
_3111_,7.22
_4209_,7.22
net107,7.22
_1382_,7.2
_2196_,7.2
_2370_,7.2
_1880_,7.19
_0054_,7.18
_1216_,7.18
_2769_,7.18
_2792_,7.18
_3381_,7.18
_3823_,7.18
bit_sum7\[4\],7.18
net86,7.18
net202,7.18
_3049_,7.16
_0238_,7.14
_0880_,7.14
_1270_,7.14
_1508_,7.14
_1612_,7.14
_0786_,7.12
_1284_,7.12
_3810_,7.12
_0010_,7.1
_0106_,7.1
_1111_,7.1
_1198_,7.1
_1840_,7.1
_1874_,7.1
_2366_,7.1
_2835_,7.1
_3212_,7.1
_3737_,7.1
_1658_,7.08
_2426_,7.08
_2526_,7.08
_0638_,7.06
_2005_,7.06
_2092_,7.06
_3408_,7.06
_3642_,7.06
_3659_,7.06
bit_sum7\[6\],7.06
s7\[15\],7.06
_3795_,7
_0782_,6.98
_1328_,6.98
_1427_,6.98
_2595_,6.98
_3784_,6.98
net208,6.98
_0652_,6.96
_3905_,6.96
_1358_,6.94
_2095_,6.94
_2317_,6.94
net60,6.94
net327,6.94
_0163_,6.905
bit_sum3\[6\],6.9
net140,6.9
_2619_,6.88
net229,6.88
net395,6.88
_1272_,6.86
_2160_,6.86
_2550_,6.86
bit_sum0\[6\],6.86
net391,6.86
_0086_,6.84
_2153_,6.82
_3066_,6.82
_3115_,6.82
_3353_,6.81
net429,6.8
_0158_,6.78
_1950_,6.78
_0077_,6.76
_0682_,6.76
_0714_,6.76
_1283_,6.76
_1773_,6.76
_3320_,6.76
_3541_,6.76
_4034_,6.76
bit_sum2\[6\],6.76
net120,6.76
_1763_,6.74
_2161_,6.74
_3753_,6.74
_0063_,6.72
_0670_,6.72
_0972_,6.72
_1517_,6.72
_1542_,6.72
_2036_,6.72
_2495_,6.72
_3901_,6.72
s1\[10\],6.72
s5\[11\],6.72
sum1\[2\],6.72
net354,6.72
_2725_,6.7
_0653_,6.66
_1401_,6.66
_1728_,6.66
_2752_,6.66
_3140_,6.66
_0794_,6.64
_1154_,6.64
_1188_,6.64
_1563_,6.64
_1809_,6.64
_2814_,6.64
_3154_,6.64
_3586_,6.64
_3842_,6.64
_3882_,6.64
_4065_,6.64
_4213_,6.64
_4214_,6.64
_2248_,6.635
_3005_,6.62
_0635_,6.6
_0895_,6.6
_0964_,6.6
_1042_,6.6
_1115_,6.6
_1342_,6.6
_2341_,6.6
_3109_,6.6
s6\[14\],6.6
sum5\[15\],6.6
net142,6.6
_0460_,6.57
_1803_,6.54
_2410_,6.54
_0490_,6.52
_1013_,6.52
_1613_,6.52
_3674_,6.52
_3694_,6.52
_3933_,6.52
_4057_,6.52
net214,6.52
net316,6.52
_3913_,6.51
_3279_,6.5
net350,6.5
_3358_,6.49
_0183_,6.48
_1202_,6.48
net77,6.445
_0165_,6.44
_0166_,6.44
sum4\[5\],6.44
net151,6.44
net152,6.44
net8,6.42
net163,6.42
net283,6.42
net294,6.42
_0122_,6.4
_0668_,6.4
_0713_,6.4
_1687_,6.4
_2222_,6.4
_2744_,6.4
_3829_,6.4
_1695_,6.38
net139,6.38
net170,6.38
net233,6.38
net368,6.38
net370,6.38
_0225_,6.37
_0430_,6.37
_1544_,6.36
_1572_,6.36
_1881_,6.36
_2655_,6.36
_2701_,6.36
_0048_,6.32
_0059_,6.32
_0121_,6.32
_1294_,6.32
_1785_,6.32
_3957_,6.32
_0791_,6.3
_1770_,6.3
_3075_,6.3
_3516_,6.3
_4173_,6.3
bit_sum0\[4\],6.3
bit_sum6\[7\],6.3
s5\[14\],6.3
net401,6.3
_0429_,6.28
_1029_,6.28
_1145_,6.28
_2042_,6.28
_3959_,6.28
_0811_,6.26
_1120_,6.26
_1895_,6.26
_3484_,6.26
_3904_,6.26
net216,6.26
_4109_,6.24
_4217_,6.24
bit_sum0\[9\],6.24
_3093_,6.205
_0699_,6.2
_1183_,6.2
_1233_,6.2
_1253_,6.2
_1540_,6.2
_2158_,6.2
_2647_,6.2
_2818_,6.2
_0679_,6.18
_0693_,6.18
_0717_,6.18
_1086_,6.18
_1250_,6.18
_1536_,6.18
_1849_,6.18
_1897_,6.18
_2293_,6.18
_2406_,6.18
_2421_,6.18
_2498_,6.18
_3452_,6.18
_3669_,6.18
_3696_,6.18
_3998_,6.18
net72,6.18
net246,6.18
_3619_,6.16
_4194_,6.16
net113,6.145
_1496_,6.14
_2142_,6.14
_4176_,6.14
_4198_,6.14
s0\[3\],6.14
_0779_,6.08
_0200_,6.06
_0204_,6.06
_0476_,6.06
_1204_,6.06
_1326_,6.06
_1419_,6.06
_1629_,6.06
_1666_,6.06
_2084_,6.06
_2204_,6.06
_2719_,6.06
_3127_,6.06
_3401_,6.06
_3836_,6.06
_4015_,6.06
_1203_,6.055
_1085_,6.02
_1635_,6.02
sum1\[11\],6.02
_1762_,5.98
net69,5.98
_0398_,5.96
_0478_,5.96
_1122_,5.96
_2059_,5.96
net81,5.96
net193,5.96
net211,5.96
net304,5.96
net343,5.96
net363,5.96
_1426_,5.94
_1474_,5.94
_2058_,5.94
_2185_,5.94
_2392_,5.94
_2634_,5.94
net277,5.94
_0943_,5.92
net24,5.92
net64,5.92
net198,5.92
net215,5.92
_0320_,5.91
_0348_,5.91
_0459_,5.91
_0254_,5.89
_0418_,5.89
_0975_,5.86
_1919_,5.86
_2348_,5.86
_2723_,5.86
_3078_,5.86
_3152_,5.86
_3590_,5.86
_0673_,5.84
_0741_,5.84
_1255_,5.84
_1393_,5.84
_1515_,5.84
_2093_,5.84
_2122_,5.84
_3290_,5.84
_3707_,5.84
bit_sum3\[0\],5.84
bit_sum7\[3\],5.84
sum5\[3\],5.84
sum5\[4\],5.84
_1394_,5.82
_1811_,5.82
_2261_,5.82
_2537_,5.82
_3625_,5.82
net47,5.82
_0014_,5.8
_0037_,5.8
_0174_,5.8
_0864_,5.8
_0914_,5.8
_1592_,5.8
_1967_,5.8
_3012_,5.8
_3254_,5.8
_3699_,5.8
_3992_,5.8
_4201_,5.8
bit_sum1\[0\],5.8
net94,5.8
net141,5.8
_0521_,5.79
_0016_,5.78
net451,5.78
_2234_,5.74
_2534_,5.74
_3506_,5.74
_0421_,5.72
_1076_,5.72
_1248_,5.72
_1685_,5.72
_1688_,5.72
_2320_,5.72
_2897_,5.72
_2900_,5.72
_3346_,5.72
_3569_,5.72
_4036_,5.72
_4199_,5.72
_4212_,5.72
net91,5.72
net298,5.72
_1156_,5.7
_2781_,5.69
_0719_,5.68
_0934_,5.68
_1300_,5.68
_1719_,5.68
_2181_,5.68
_2742_,5.68
_2891_,5.68
_3545_,5.68
_3697_,5.68
_3821_,5.68
_3841_,5.68
_3981_,5.68
net132,5.645
_1032_,5.62
_2621_,5.62
_2859_,5.62
_2869_,5.62
_3002_,5.62
_0364_,5.61
_0540_,5.61
_0942_,5.6
_1715_,5.6
_1904_,5.6
_2645_,5.6
_3143_,5.6
_3850_,5.6
net234,5.6
_2017_,5.58
_2088_,5.58
_2629_,5.58
_0012_,5.56
_0517_,5.56
_0532_,5.56
net90,5.56
_0381_,5.53
_3582_,5.52
net377,5.52
_3322_,5.5
_3387_,5.5
net115,5.5
_0475_,5.49
_0945_,5.48
_1027_,5.48
_3042_,5.48
_3081_,5.48
_3429_,5.48
net399,5.48
_0131_,5.46
_0560_,5.46
_0439_,5.45
_0564_,5.43
_1101_,5.42
_0867_,5.405
_0141_,5.4
_0788_,5.4
_0896_,5.4
_1155_,5.4
_1304_,5.4
_1846_,5.4
_3103_,5.4
_3851_,5.4
_0609_,5.39
_0611_,5.39
_0022_,5.38
_0070_,5.38
_0112_,5.38
_0639_,5.38
_1098_,5.38
_1224_,5.38
_1333_,5.38
_2566_,5.38
_3083_,5.38
_3893_,5.38
_4038_,5.38
_4120_,5.38
net65,5.38
net232,5.38
net278,5.38
net286,5.38
net356,5.38
_1647_,5.36
_2028_,5.36
_2881_,5.36
_3010_,5.36
_3421_,5.36
_3944_,5.36
_4037_,5.36
net259,5.36
_0017_,5.34
_0126_,5.34
_0680_,5.34
_0970_,5.34
_1038_,5.34
_1295_,5.34
_1370_,5.34
_1800_,5.34
_1877_,5.34
_2115_,5.34
_2715_,5.34
_3515_,5.34
_4110_,5.34
_4200_,5.34
s2\[11\],5.34
_0551_,5.33
_0562_,5.33
_0979_,5.28
_1007_,5.28
_1371_,5.28
_2070_,5.28
_3615_,5.28
_3731_,5.28
_0160_,5.26
_0933_,5.26
_1365_,5.26
_1424_,5.26
_1794_,5.26
_2002_,5.26
_2022_,5.26
_2858_,5.26
_3213_,5.26
_4008_,5.26
_4119_,5.26
_0388_,5.24
_0655_,5.22
_0744_,5.22
_0854_,5.22
_1054_,5.22
_2471_,5.22
_3716_,5.22
_4012_,5.22
_4019_,5.22
net303,5.22
_0384_,5.19
_0404_,5.19
_1062_,5.16
_1858_,5.16
_2032_,5.16
_0441_,5.15
_0269_,5.14
_0597_,5.14
_1402_,5.14
_2459_,5.14
_2608_,5.14
_3746_,5.14
_4053_,5.14
_4056_,5.14
_2531_,5.12
_1241_,5.11
_0605_,5.1
_0612_,5.1
_0724_,5.1
_2949_,5.1
_2994_,5.095
_0051_,5.065
_0020_,5.06
_2943_,5.06
bit_sum2\[5\],5.06
bit_sum6\[5\],5.06
net353,5.06
_0344_,5.04
_0487_,5.04
_2018_,5.04
_3455_,5.04
_4177_,5.04
net58,5.04
net61,5.04
net100,5.04
net114,5.04
net240,5.04
net297,5.04
net330,5.04
net355,5.04
_1133_,5.02
_1150_,5.02
_1861_,5.02
_2402_,5.02
_2693_,5.02
_3685_,5.02
_4182_,5.02
_4207_,5.02
s2\[10\],5.02
_0458_,5
_0409_,4.99
_0436_,4.99
_0626_,4.99
_0260_,4.97
_0062_,4.94
_0936_,4.94
_1279_,4.94
_2178_,4.94
_3532_,4.94
_3679_,4.94
net271,4.94
_0222_,4.93
_0029_,4.92
_0071_,4.92
_0124_,4.92
_0698_,4.92
_1177_,4.92
_1621_,4.92
_1918_,4.92
_2176_,4.92
_2449_,4.92
_2960_,4.92
_2980_,4.92
_3622_,4.92
bit_sum0\[5\],4.92
bit_sum2\[3\],4.92
bit_sum4\[4\],4.92
net110,4.92
net167,4.92
_4000_,4.91
_0357_,4.9
_3187_,4.9
net438,4.9
_3080_,4.885
_0004_,4.88
_0018_,4.88
_0659_,4.88
_0973_,4.88
_1771_,4.88
_2695_,4.88
_3686_,4.88
_3950_,4.88
bit_sum0\[0\],4.88
bit_sum1\[2\],4.88
final_sum\[9\],4.88
sum1\[1\],4.88
net318,4.88
_0073_,4.82
_1172_,4.82
_3997_,4.82
_4189_,4.82
_0361_,4.8
_0452_,4.8
_0829_,4.8
_0987_,4.8
_1618_,4.8
_1914_,4.8
_2205_,4.8
_2367_,4.8
_2408_,4.8
_2866_,4.8
_3267_,4.8
_3640_,4.8
carry3\[3\],4.8
_1891_,4.79
_2503_,4.78
net185,4.765
_0316_,4.76
_0473_,4.76
_1281_,4.76
_1702_,4.76
_1842_,4.76
_2023_,4.76
_2237_,4.76
_2920_,4.76
_3132_,4.76
_3558_,4.76
_3651_,4.76
_4118_,4.76
_0569_,4.75
_0298_,4.73
_1169_,4.73
_0705_,4.7
_0758_,4.7
_4106_,4.7
_0208_,4.68
_0601_,4.68
_1982_,4.68
_2193_,4.68
_3126_,4.68
carry5\[7\],4.68
_1681_,4.66
net385,4.66
_0464_,4.61
net55,4.6
net402,4.6
_1185_,4.59
_3026_,4.58
_3809_,4.58
net168,4.58
net403,4.58
_2508_,4.56
_2427_,4.555
_0176_,4.54
_0351_,4.54
_0293_,4.51
_1705_,4.48
_3972_,4.48
_0223_,4.46
_0395_,4.46
_0608_,4.46
_0907_,4.46
_0926_,4.46
_1957_,4.46
_2013_,4.46
_2775_,4.46
_3917_,4.46
bit_sum4\[3\],4.46
s4\[12\],4.46
sum4\[0\],4.46
sum4\[4\],4.46
net44,4.46
net117,4.46
_1338_,4.44
_2617_,4.44
_3806_,4.44
net13,4.44
_0057_,4.42
_0447_,4.42
_0470_,4.42
_2300_,4.42
_2327_,4.42
s0\[1\],4.42
sum4\[1\],4.42
net26,4.42
_0700_,4.36
_1160_,4.36
_1321_,4.36
_2033_,4.36
_2338_,4.36
_2704_,4.36
_2762_,4.36
_2941_,4.36
_0630_,4.34
_0632_,4.34
_0871_,4.34
_1256_,4.34
_1595_,4.34
_2314_,4.34
_3047_,4.34
_3195_,4.34
_3684_,4.34
_3927_,4.34
_4064_,4.34
_4202_,4.34
_4205_,4.34
net260,4.34
_0962_,4.32
_1619_,4.32
_3280_,4.32
_4184_,4.32
_0556_,4.27
_1774_,4.24
_2945_,4.24
_3621_,4.24
_0123_,4.22
_0492_,4.22
_1059_,4.22
_2451_,4.22
_2684_,4.18
_0232_,4.15
_0236_,4.15
_0167_,4.14
_0947_,4.14
_2681_,4.14
_3565_,4.14
sum4\[11\],4.14
net381,4.14
_0114_,4.12
_0198_,4.12
_0391_,4.12
_0640_,4.12
_2343_,4.12
_2439_,4.12
_2901_,4.12
net116,4.12
net276,4.12
net288,4.12
_0716_,4.115
_0397_,4.1
_1055_,4.1
_1297_,4.1
_1979_,4.1
_2760_,4.1
_3470_,4.1
_3721_,4.1
_2462_,4.09
_0277_,4.08
_0355_,4.08
_0406_,4.08
_0515_,4.08
net404,4.08
_0311_,4.05
_0413_,4.05
_0712_,4.02
_0715_,4.02
_1332_,4.02
_1944_,4.02
_2054_,4.02
_2465_,4.02
_2848_,4.02
_2925_,4.02
_3098_,4.02
_3200_,4.02
_3739_,4.02
_3983_,4.02
_4211_,4.02
net6,4.02
_0147_,4
_0708_,4
_1386_,4
_1977_,4
_2010_,4
_2127_,4
_2258_,4
_2360_,4
_2602_,4
_2746_,4
_3176_,4
_3324_,4
_3595_,4
_3830_,4
_3861_,4
bit_sum6\[3\],4
sum2\[1\],4
sum4\[3\],4
net95,4
net96,4
net103,4
net201,4
net272,4
net340,4
net382,4
net414,4
_0496_,3.98
_1769_,3.98
_3355_,3.98
_0800_,3.9
_0801_,3.9
_1530_,3.9
_2331_,3.9
_3501_,3.9
_4196_,3.9
_4190_,3.885
_0301_,3.88
_0781_,3.88
_1136_,3.88
_1628_,3.88
_2186_,3.88
_2268_,3.88
_2288_,3.88
_2476_,3.88
_2898_,3.88
_3496_,3.88
_3560_,3.88
_3718_,3.88
_4104_,3.88
net12,3.88
net14,3.88
net15,3.88
net17,3.88
net21,3.88
net43,3.88
net125,3.88
net315,3.88
_1765_,3.87
_0289_,3.81
_1489_,3.78
_2157_,3.78
_3022_,3.78
_3652_,3.78
_0199_,3.76
_0246_,3.76
_0295_,3.76
_0296_,3.76
_0307_,3.76
_0308_,3.76
_0313_,3.76
_0396_,3.76
_2075_,3.76
net195,3.76
net416,3.76
_2649_,3.74
_4093_,3.74
_0228_,3.69
_0527_,3.69
_0046_,3.68
_0095_,3.68
_2652_,3.68
_0088_,3.66
_0602_,3.66
_1598_,3.66
_2846_,3.66
_3300_,3.66
net108,3.66
net118,3.66
net136,3.66
net200,3.66
net383,3.66
_0219_,3.64
_0505_,3.61
_0625_,3.61
_0252_,3.59
_0268_,3.59
_0274_,3.59
_0376_,3.59
_0617_,3.59
_2727_,3.57
_0107_,3.56
_0171_,3.56
_0817_,3.56
_0913_,3.56
_1023_,3.56
_1135_,3.56
_2035_,3.56
_2819_,3.56
_3402_,3.56
_3667_,3.56
_0101_,3.54
_0170_,3.54
_0592_,3.54
_1217_,3.54
_1367_,3.54
_1483_,3.54
_1532_,3.54
_1691_,3.54
_2254_,3.54
_2944_,3.54
_3118_,3.54
_3342_,3.54
_3418_,3.54
_3489_,3.54
_3604_,3.54
_3807_,3.54
_3935_,3.54
_3991_,3.54
_4094_,3.54
bit_sum3\[2\],3.54
sum3\[3\],3.54
net49,3.54
net56,3.54
net161,3.54
net282,3.54
net285,3.54
net387,3.54
_0127_,3.52
_0613_,3.52
_1825_,3.51
_0442_,3.49
_1804_,3.44
_1931_,3.44
_1945_,3.44
_2316_,3.44
_2500_,3.44
_3043_,3.44
net245,3.44
_0227_,3.42
_0390_,3.42
_0415_,3.42
_0646_,3.42
_0696_,3.42
_0752_,3.42
_1040_,3.42
_1045_,3.42
_1205_,3.42
_1251_,3.42
_1423_,3.42
_1481_,3.42
_1585_,3.42
_1740_,3.42
_1928_,3.42
_2021_,3.42
_2606_,3.42
_2635_,3.42
_3007_,3.42
_3095_,3.42
_3110_,3.42
_3492_,3.42
_3867_,3.42
_3910_,3.42
_4181_,3.42
net332,3.42
_3189_,3.4
_0371_,3.37
_0545_,3.37
_0229_,3.35
_0489_,3.35
_0543_,3.35
_0920_,3.32
_1412_,3.32
_1631_,3.32
_2206_,3.32
_4193_,3.32
_0181_,3.3
_0265_,3.3
_0329_,3.3
_0501_,3.3
_0554_,3.3
_0604_,3.3
_0831_,3.3
_1265_,3.28
_0462_,3.25
_0764_,3.22
_1264_,3.22
bit_sum4\[2\],3.22
s4\[13\],3.22
sum5\[5\],3.22
net46,3.22
_0056_,3.2
_0072_,3.2
_0211_,3.2
_2480_,3.2
_2999_,3.2
_3166_,3.2
_4105_,3.2
net18,3.2
net20,3.2
net22,3.2
net157,3.2
net175,3.2
net183,3.2
net300,3.2
_2540_,3.18
_0196_,3.15
_0224_,3.13
_0342_,3.13
_0559_,3.13
_0058_,3.1
_0075_,3.1
_0120_,3.1
_0627_,3.1
_0753_,3.1
_1037_,3.1
_2099_,3.1
_2845_,3.1
_3284_,3.1
_4115_,3.1
sum5\[1\],3.1
net326,3.1
net435,3.1
_0021_,3.08
_0245_,3.08
_0249_,3.08
_0389_,3.08
_0519_,3.08
_0685_,3.08
_1306_,3.08
_1353_,3.08
_1913_,3.08
_2247_,3.08
_2336_,3.08
_2659_,3.08
_2864_,3.08
_3015_,3.08
_3632_,3.08
_4117_,3.08
_4197_,3.08
bit_sum5\[7\],3.08
s3\[11\],3.08
net54,3.08
net104,3.08
_1620_,3.06
_2646_,3.06
_0241_,3.03
_0318_,3.03
_0433_,3.03
_0643_,2.98
_1346_,2.98
_3086_,2.98
_3340_,2.98
_3759_,2.98
_0528_,2.96
_0683_,2.96
_0684_,2.96
_0743_,2.96
_0998_,2.96
_1399_,2.96
_1416_,2.96
_2067_,2.96
_2265_,2.96
_2751_,2.96
_3223_,2.96
_3237_,2.96
_3283_,2.96
_3673_,2.96
_3756_,2.96
net443,2.96
_0209_,2.89
_0212_,2.89
_0352_,2.89
_0393_,2.89
_0493_,2.89
_0590_,2.89
_0784_,2.86
_2235_,2.86
_3786_,2.86
_0189_,2.84
_0210_,2.84
_0251_,2.84
_0281_,2.84
_0286_,2.84
_0294_,2.84
_0297_,2.84
_0312_,2.84
_0337_,2.84
_0366_,2.84
_0377_,2.84
_0401_,2.84
_0403_,2.84
_0434_,2.84
_0465_,2.84
_0466_,2.84
_0472_,2.84
_0474_,2.84
_0480_,2.84
_0483_,2.84
_0538_,2.84
_0552_,2.84
_0571_,2.84
_0586_,2.84
_0587_,2.84
_0596_,2.84
_0600_,2.84
_0607_,2.84
_0615_,2.84
_0616_,2.84
_0623_,2.84
_1538_,2.84
_3415_,2.84
_3693_,2.84
net380,2.84
_0253_,2.77
_0620_,2.77
_0184_,2.765
net292,2.765
_0094_,2.76
_1854_,2.76
_2888_,2.76
sum5\[2\],2.76
_2895_,2.75
_0257_,2.74
_0529_,2.74
_0567_,2.74
_0622_,2.74
_1071_,2.74
_1645_,2.74
_1932_,2.74
_3323_,2.74
_3344_,2.74
net11,2.74
net67,2.74
net89,2.74
net121,2.74
net164,2.74
net239,2.74
_0356_,2.72
_1490_,2.72
_2199_,2.72
_0190_,2.69
_0201_,2.69
_0239_,2.69
_0275_,2.69
_0326_,2.69
_0338_,2.69
_0370_,2.69
_0392_,2.69
_0491_,2.69
_0568_,2.69
_0583_,2.69
_0247_,2.67
_0255_,2.67
_0259_,2.67
_0374_,2.67
_0424_,2.67
_0066_,2.64
_0087_,2.64
_0703_,2.64
_0894_,2.64
_1142_,2.64
_2625_,2.64
_2817_,2.64
_2827_,2.64
_3102_,2.64
_3183_,2.64
_3249_,2.64
_0003_,2.62
_0074_,2.62
_0085_,2.62
_0148_,2.62
_0262_,2.62
_0334_,2.62
_0628_,2.62
_0642_,2.62
_0996_,2.62
_1084_,2.62
_1372_,2.62
_1996_,2.62
_2116_,2.62
_2461_,2.62
_2690_,2.62
_3240_,2.62
_3345_,2.62
_3348_,2.62
_3483_,2.62
_3572_,2.62
bit_sum4\[8\],2.62
s3\[12\],2.62
net74,2.62
net105,2.62
net126,2.62
net228,2.62
net252,2.62
net362,2.62
net442,2.62
_0591_,2.57
_4080_,2.55
_0909_,2.52
_1222_,2.52
_1291_,2.52
_2735_,2.52
_2863_,2.52
_2867_,2.52
_3970_,2.52
_0194_,2.5
_0258_,2.5
_0328_,2.5
_0335_,2.5
_0455_,2.5
_0468_,2.5
_0541_,2.5
_0631_,2.5
_0675_,2.5
_0692_,2.5
_0695_,2.5
_0706_,2.5
_0924_,2.5
_1186_,2.5
_1555_,2.5
_1673_,2.5
_2159_,2.5
_2335_,2.5
_2584_,2.5
_2691_,2.5
_2782_,2.5
_2850_,2.5
_3278_,2.5
_3281_,2.5
_3779_,2.5
_3934_,2.5
_4031_,2.5
_4048_,2.5
_4077_,2.5
_4216_,2.5
net82,2.5
net256,2.5
_0862_,2.48
_0291_,2.43
_0327_,2.43
_0399_,2.43
_0414_,2.43
_0431_,2.43
_3730_,2.4
_3995_,2.4
_0192_,2.38
_0193_,2.38
_0197_,2.38
_0205_,2.38
_0226_,2.38
_0263_,2.38
_0278_,2.38
_0280_,2.38
_0282_,2.38
_0305_,2.38
_0306_,2.38
_0319_,2.38
_0324_,2.38
_0332_,2.38
_0349_,2.38
_0353_,2.38
_0367_,2.38
_0383_,2.38
_0387_,2.38
_0444_,2.38
_0463_,2.38
_0469_,2.38
_0506_,2.38
_0508_,2.38
_0511_,2.38
_0514_,2.38
_0516_,2.38
_0531_,2.38
_0533_,2.38
_0536_,2.38
_0548_,2.38
_0555_,2.38
_0563_,2.38
_0570_,2.38
_0576_,2.38
_0578_,2.38
_0595_,2.38
_0610_,2.38
_0619_,2.38
_2257_,2.38
_2504_,2.38
_3349_,2.38
net218,2.38
_1003_,2.3
_1066_,2.3
_1137_,2.3
_2447_,2.3
_3744_,2.3
sum3\[0\],2.3
sum3\[2\],2.3
sum5\[0\],2.3
_0266_,2.28
_0333_,2.28
_0450_,2.28
_0561_,2.28
_0599_,2.28
_1707_,2.28
net133,2.28
net307,2.28
net314,2.28
_2202_,2.255
_0195_,2.23
_0214_,2.23
_0215_,2.23
_0217_,2.23
_0220_,2.23
_0248_,2.23
_0250_,2.23
_0261_,2.23
_0271_,2.23
_0272_,2.23
_0273_,2.23
_0283_,2.23
_0284_,2.23
_0285_,2.23
_0287_,2.23
_0299_,2.23
_0317_,2.23
_0322_,2.23
_0323_,2.23
_0331_,2.23
_0346_,2.23
_0347_,2.23
_0358_,2.23
_0360_,2.23
_0368_,2.23
_0373_,2.23
_0378_,2.23
_0386_,2.23
_0394_,2.23
_0400_,2.23
_0407_,2.23
_0411_,2.23
_0416_,2.23
_0417_,2.23
_0425_,2.23
_0432_,2.23
_0435_,2.23
_0438_,2.23
_0443_,2.23
_0445_,2.23
_0448_,2.23
_0449_,2.23
_0451_,2.23
_0454_,2.23
_0461_,2.23
_0482_,2.23
_0486_,2.23
_0488_,2.23
_0497_,2.23
_0498_,2.23
_0510_,2.23
_0553_,2.23
_0588_,2.23
_0309_,2.21
_0314_,2.21
_0453_,2.21
_0524_,2.21
_0542_,2.21
_0566_,2.21
_0593_,2.21
_2696_,2.19
_0677_,2.18
_0686_,2.18
_0701_,2.18
_0707_,2.18
_0710_,2.18
_0711_,2.18
_0718_,2.18
_0749_,2.18
_0850_,2.18
_1095_,2.18
_1347_,2.18
_1711_,2.18
_2141_,2.18
_2148_,2.18
_2275_,2.18
_2687_,2.18
_3018_,2.18
_3362_,2.18
_3772_,2.18
sum2\[2\],2.18
net291,2.18
_0279_,2.16
_0345_,2.16
_0350_,2.16
_0408_,2.16
_0513_,2.16
_0549_,2.16
_0575_,2.16
_0634_,2.16
_0859_,2.16
_0898_,2.16
_1132_,2.16
_1282_,2.16
_1303_,2.16
_1625_,2.16
_1665_,2.16
_2085_,2.16
_2219_,2.16
_2330_,2.16
_2375_,2.16
_2556_,2.16
_2825_,2.16
_3014_,2.16
_3246_,2.16
_3258_,2.16
_3488_,2.16
_3500_,2.16
_3888_,2.16
_4097_,2.16
_4218_,2.16
bit_sum7\[5\],2.16
sum3\[1\],2.16
net129,2.16
net131,2.16
net166,2.16
net289,2.16
net351,2.16
net376,2.16
net409,2.16
net425,2.16
_1903_,2.11
_1033_,2.06
_1153_,2.06
_1212_,2.06
_1747_,2.06
_2011_,2.06
_2034_,2.06
_2685_,2.06
_2940_,2.06
_3274_,2.06
_3568_,2.06
net270,2.06
_0231_,2.04
_0233_,2.04
_0235_,2.04
_0264_,2.04
_0336_,2.04
_0372_,2.04
_0385_,2.04
_0467_,2.04
_0523_,2.04
_0565_,2.04
_0618_,2.04
_0624_,2.04
_1024_,2.04
_1196_,2.04
_1301_,2.04
_1404_,2.04
_1741_,2.04
_2380_,2.04
_2422_,2.04
_2423_,2.04
_2435_,2.04
_2572_,2.04
_2733_,2.04
_2763_,2.04
_2966_,2.04
_3761_,2.04
_3912_,2.04
_4089_,2.04
_4112_,2.04
net255,1.875
net88,1.845
_0702_,1.84
_2062_,1.84
_2764_,1.84
_2770_,1.84
_4215_,1.84
bit_sum1\[4\],1.84
bit_sum3\[1\],1.84
bit_sum4\[0\],1.84
bit_sum4\[6\],1.84
net62,1.84
net123,1.84
net221,1.84
net235,1.84
net313,1.84
net358,1.84
_0203_,1.82
_0256_,1.82
_0315_,1.82
_0321_,1.82
_0325_,1.82
_0330_,1.82
_0339_,1.82
_0343_,1.82
_0362_,1.82
_0363_,1.82
_0369_,1.82
_0375_,1.82
_0379_,1.82
_0380_,1.82
_0382_,1.82
_0402_,1.82
_0405_,1.82
_0410_,1.82
_0420_,1.82
_0422_,1.82
_0437_,1.82
_0440_,1.82
_0446_,1.82
_0456_,1.82
_0481_,1.82
_0494_,1.82
_0500_,1.82
_0503_,1.82
_0504_,1.82
_0507_,1.82
_0522_,1.82
_0530_,1.82
_0537_,1.82
_0539_,1.82
_0550_,1.82
_0573_,1.82
_0579_,1.82
_0580_,1.82
_0581_,1.82
_0614_,1.82
_0621_,1.82
_3497_,1.82
net45,1.82
net48,1.82
net148,1.82
net249,1.82
_0354_,1.75
_0479_,1.75
_0495_,1.75
_0584_,1.75
_0690_,1.72
_0812_,1.72
_1308_,1.72
_2262_,1.72
_3060_,1.72
_3416_,1.72
_3977_,1.72
_3984_,1.72
_4192_,1.72
_4204_,1.72
net19,1.72
net23,1.72
net320,1.72
net324,1.72
net374,1.72
net421,1.72
_0041_,1.7
_0230_,1.7
_0234_,1.7
_0237_,1.7
_0240_,1.7
_0242_,1.7
_0288_,1.7
_0300_,1.7
_0509_,1.7
_0574_,1.7
_0577_,1.7
_0606_,1.7
_1128_,1.7
_1546_,1.7
_1590_,1.7
_1657_,1.7
_1812_,1.7
_1855_,1.7
_2303_,1.7
_2676_,1.7
_3035_,1.7
_3425_,1.7
_3533_,1.7
_3549_,1.7
_3552_,1.7
_3755_,1.7
_3773_,1.7
_3776_,1.7
_3816_,1.7
bit_sum4\[7\],1.7
bit_sum4\[9\],1.7
s6\[15\],1.7
sum1\[0\],1.7
net127,1.7
_1634_,1.62
_1748_,1.6
_2450_,1.6
_3798_,1.48
_3896_,1.48
_4107_,1.48
_0720_,1.38
_0768_,1.38
_0917_,1.38
_2424_,1.38
_2640_,1.38
_2665_,1.38
_2738_,1.38
_3363_,1.38
_3647_,1.38
final_sum\[8\],1.38
s5\[13\],1.38
net441,1.38
_0191_,1.36
_0202_,1.36
_0206_,1.36
_0213_,1.36
_0216_,1.36
_0218_,1.36
_0221_,1.36
_0243_,1.36
_0244_,1.36
_0267_,1.36
_0276_,1.36
_0290_,1.36
_0292_,1.36
_0302_,1.36
_0303_,1.36
_0304_,1.36
_0310_,1.36
_0340_,1.36
_0341_,1.36
_0359_,1.36
_0365_,1.36
_0412_,1.36
_0427_,1.36
_0428_,1.36
_0457_,1.36
_0471_,1.36
_0477_,1.36
_0484_,1.36
_0485_,1.36
_0499_,1.36
_0502_,1.36
_0512_,1.36
_0520_,1.36
_0525_,1.36
_0526_,1.36
_0544_,1.36
_0546_,1.36
_0547_,1.36
_0557_,1.36
_0558_,1.36
_0572_,1.36
_0582_,1.36
_0585_,1.36
_0589_,1.36
_0603_,1.36
_2904_,1.36
_3087_,1.36
net51,1.36
_0629_,1.26
_0691_,1.26
_0694_,1.26
_2428_,1.26
_3017_,1.26
_3929_,1.26
_4113_,1.26
_4114_,1.26
_4116_,1.26
_0647_,1.14
_0651_,1.14
_0667_,1.14
_2355_,1.14
_3592_,1.14
sum5\[6\],1.14
_1173_,1.1
_0995_,0.92
_1220_,0.92
_1276_,0.92
_2064_,0.92
_2686_,0.92
_3064_,0.92
_3682_,0.92
_3853_,0.92
_4090_,0.92
bit_sum0\[3\],0.92
bit_sum3\[7\],0.92
bit_sum4\[5\],0.92
sum2\[0\],0.92
_3164_,0.8
_3268_,0.8
_4096_,0.8
_0732_,0.46
_0866_,0.46
_1164_,0.46
_1841_,0.46
_2264_,0.46
_2463_,0.46
_3285_,0.46
_3334_,0.46
_3571_,0.46
_3801_,0.46
bit_sum0\[2\],0.46
bit_sum3\[9\],0.46
bit_sum5\[8\],0.46
bit_sum6\[9\],0.46
carry2\[2\],0.46
final_sum\[7\],0.46
s0\[0\],0.46
net437,0.46
net449,0.46
